date,consumption_kwh,valid_measurements,coverage,data_quality,rolling_mean,rolling_std,zscore,anomaly_zscore,isolation_score,isolation_prediction,anomaly_isolation_forest,agreement
2006-12-16,20.152933333333333,396,0.275,partial,,,,False,0.2084950266552749,1,False,normal
2006-12-17,56.507666666666665,1440,1.0,complete,,,,False,-0.0541371734869775,-1,True,isolation_only
2006-12-18,36.73043333333333,1440,1.0,complete,,,,False,0.1652402071048943,1,False,normal
2006-12-19,27.7699,1440,1.0,complete,,,,False,0.2264507582008756,1,False,normal
2006-12-20,37.0958,1440,1.0,complete,,,,False,0.154309345494337,1,False,normal
2006-12-21,28.6104,1438,0.9986111111111112,partial,,,,False,0.2134571804033929,1,False,normal
2006-12-22,39.0223,1440,1.0,complete,,,,False,0.1223137629178658,1,False,normal
2006-12-23,79.55643333333333,1440,1.0,complete,,,,False,-0.1489621834638103,-1,True,isolation_only
2006-12-24,42.5002,1440,1.0,complete,,,,False,0.0858625961997578,1,False,normal
2006-12-25,45.71866666666666,1440,1.0,complete,,,,False,0.0709960846325525,1,False,normal
2006-12-26,65.5685,1440,1.0,complete,,,,False,-0.1315376738678909,-1,True,isolation_only
2006-12-27,25.479333333333333,1440,1.0,complete,,,,False,0.2219641428453008,1,False,normal
2006-12-28,34.54396666666667,1440,1.0,complete,,,,False,0.1804675043098944,1,False,normal
2006-12-29,52.906533333333336,1440,1.0,complete,47.4842,18.738974397307956,0.2893612648359408,False,-0.0130177797410681,-1,True,isolation_only
2006-12-30,46.48836666666666,1438,0.9986111111111112,partial,49.467661904761904,18.42622256483073,-0.1616877918202121,False,0.0616111275552069,1,False,normal
2006-12-31,58.2366,1440,1.0,complete,,,,False,-0.0731395167281369,-1,True,isolation_only
2007-01-01,45.81673333333333,1440,1.0,complete,,,,False,0.0695531102644753,1,False,normal
2007-01-02,21.15393333333333,1440,1.0,complete,,,,False,0.2146030862743096,1,False,normal
2007-01-03,16.9009,1440,1.0,complete,,,,False,0.1746621524162653,1,False,normal
2007-01-04,54.32353333333333,1440,1.0,complete,,,,False,-0.0301801006682082,-1,True,isolation_only
2007-01-05,45.22273333333333,1440,1.0,complete,,,,False,0.0758284052358005,1,False,normal
2007-01-06,25.13963333333333,1440,1.0,complete,,,,False,0.2238190831374663,1,False,normal
2007-01-07,40.79366666666667,1440,1.0,complete,38.113438095238095,16.75066094811417,0.1600073322318853,False,0.1060830422505019,1,False,normal
2007-01-08,37.356,1440,1.0,complete,35.62159047619047,14.389143485315763,0.1205359808649841,False,0.1486610100919568,1,False,normal
2007-01-09,31.1509,1440,1.0,complete,34.41291428571429,13.730292865478097,-0.2375779102218517,False,0.2006449239238511,1,False,normal
2007-01-10,35.913333333333334,1440,1.0,complete,35.84105238095238,12.594236548264869,0.0057392087328164,False,0.1642395171368283,1,False,normal
2007-01-11,37.58656666666667,1440,1.0,complete,38.55711428571429,9.49847068243789,-0.1021793561822649,False,0.1442036044458273,1,False,normal
2007-01-12,24.35493333333333,1440,1.0,complete,36.16611904761905,6.502174730123606,-1.8164977418349364,False,0.21438888469125,1,False,normal
2007-01-13,53.11356666666666,1440,1.0,complete,33.185004761904764,6.441301709696855,3.093871829472149,True,-0.0147737292958567,-1,True,both
2007-01-14,50.13026666666666,1439,0.9993055555555556,partial,37.18128095238095,8.846564500097838,1.463730436164513,False,0.0118755935835563,1,False,normal
2007-01-15,35.8113,1440,1.0,complete,,,,False,0.1663423075162018,1,False,normal
2007-01-16,28.10673333333333,1440,1.0,complete,,,,False,0.2230089945079804,1,False,normal
2007-01-17,47.46146666666667,1440,1.0,complete,,,,False,0.0410915975374636,1,False,normal
2007-01-18,30.3577,1440,1.0,complete,,,,False,0.2013432641257276,1,False,normal
2007-01-19,24.674,1440,1.0,complete,,,,False,0.2206151248852656,1,False,normal
2007-01-20,52.22886666666667,1440,1.0,complete,,,,False,-0.0037823219525967,-1,True,isolation_only
2007-01-21,56.7877,1440,1.0,complete,,,,False,-0.0558117972694427,-1,True,isolation_only
2007-01-22,36.341566666666665,1440,1.0,complete,39.34682380952381,12.720811603383764,-0.2362472801702166,False,0.1644599923427822,1,False,normal
2007-01-23,29.627333333333333,1440,1.0,complete,39.42257619047619,12.697806634855896,-0.7714121925793543,False,0.2117043273478175,1,False,normal
2007-01-24,49.79756666666667,1440,1.0,complete,39.63980476190476,12.483148142691446,0.8137179651039395,False,0.0167383753018717,1,False,normal
2007-01-25,26.605733333333333,1440,1.0,complete,39.97353333333333,12.755365106234054,-1.04801390541668,False,0.2283074201997461,1,False,normal
2007-01-26,26.9662,1440,1.0,complete,39.4375380952381,13.294226966611795,-0.9381017885853484,False,0.2276615647563289,1,False,normal
2007-01-27,34.06786666666667,1440,1.0,complete,39.76499523809524,12.892119320034642,-0.4419078376489354,False,0.1902833235741497,1,False,normal
2007-01-28,51.5034,1439,0.9993055555555556,partial,37.170566666666666,11.74189230247675,1.220657877292067,False,-0.0034157280633668,-1,True,isolation_only
2007-01-29,33.0444,1440,1.0,complete,,,,False,0.189136433977104,1,False,normal
2007-01-30,28.4633,1440,1.0,complete,,,,False,0.2105786878127194,1,False,normal
2007-01-31,39.39586666666667,1440,1.0,complete,,,,False,0.1182788364529943,1,False,normal
2007-02-01,30.412666666666667,1440,1.0,complete,,,,False,0.202381978112161,1,False,normal
2007-02-02,27.7956,1440,1.0,complete,,,,False,0.2277097551908399,1,False,normal
2007-02-03,67.16203333333333,1440,1.0,complete,,,,False,-0.1360579183551105,-1,True,isolation_only
2007-02-04,59.93233333333333,1440,1.0,complete,,,,False,-0.0892284750759138,-1,True,isolation_only
2007-02-05,27.421333333333333,1440,1.0,complete,40.8866,16.084550999489696,-0.8371552719807885,False,0.2294295011467103,1,False,normal
2007-02-06,21.224666666666668,1440,1.0,complete,40.08330476190476,16.671197757503453,-1.1312107485948393,False,0.2159808377757231,1,False,normal
2007-02-07,38.8003,1440,1.0,complete,39.049214285714285,17.70457250904678,-0.0140593219964556,False,0.1254164320356913,1,False,normal
2007-02-08,30.023566666666667,1440,1.0,complete,38.96413333333333,17.704060011937827,-0.5050009241178605,False,0.210628770143272,1,False,normal
2007-02-09,27.0033,1440,1.0,complete,38.90854761904762,17.735966129150995,-0.6712488923555195,False,0.2273989129162173,1,False,normal
2007-02-10,47.15546666666667,1440,1.0,complete,38.79536190476191,17.82102974134801,0.4691145732453273,False,0.0496626101287009,1,False,normal
2007-02-11,59.52046666666666,1440,1.0,complete,35.93728095238095,13.623371601975132,1.73108290688236,False,-0.0872246280814779,-1,True,isolation_only
2007-02-12,31.2935,1440,1.0,complete,35.87844285714286,13.502823155749669,-0.3395543883125308,False,0.1969535909965772,1,False,normal
2007-02-13,23.575766666666667,1440,1.0,complete,36.43160952380952,13.173929083803325,-0.9758548702792442,False,0.2086060670047894,1,False,normal
2007-02-14,41.644533333333335,1440,1.0,complete,36.76748095238095,12.744582916033403,0.3826764997398838,False,0.0929554130469609,1,False,normal
2007-02-15,33.0891,1440,1.0,complete,37.17379999999999,12.864965233071867,-0.3175057161833196,False,0.18803804921819,1,False,normal
2007-02-16,28.375466666666668,1440,1.0,complete,37.61173333333333,12.63104918330662,-0.731235112192695,False,0.2092995303368088,1,False,normal
2007-02-17,34.6152,1440,1.0,complete,37.80775714285715,12.448301140044263,-0.2564652884711459,False,0.1821976649884709,1,False,normal
2007-02-18,63.829366666666665,1440,1.0,complete,36.01629047619048,11.762287799600664,2.3645974885447414,False,-0.1168299865399863,-1,True,isolation_only
2007-02-19,36.44356666666667,1440,1.0,complete,36.63184761904762,13.219789586671672,-0.0142423562150169,False,0.1672767036494853,1,False,normal
2007-02-20,52.4988,1440,1.0,complete,37.367571428571424,13.014898437580252,1.1626082711285295,False,-0.0073425744868358,-1,True,isolation_only
2007-02-21,34.5479,1440,1.0,complete,41.499433333333336,12.487058019761449,-0.5566990497146852,False,0.1806270609865167,1,False,normal
2007-02-22,56.15796666666667,1438,0.9986111111111112,partial,40.48562857142857,12.758447325471275,1.2283891366584598,False,-0.0493743275611716,-1,True,isolation_only
2007-02-23,21.89133333333333,1440,1.0,complete,,,,False,0.2146185036453328,1,False,normal
2007-02-24,11.915366666666667,1440,1.0,complete,,,,False,0.1042874608187474,1,False,normal
2007-02-25,8.362333333333334,1440,1.0,complete,,,,False,0.0993248885662618,1,False,normal
2007-02-26,9.474733333333331,1440,1.0,complete,,,,False,0.0983252529243624,1,False,normal
2007-02-27,8.6352,1440,1.0,complete,,,,False,0.1125242721476138,1,False,normal
2007-02-28,8.679566666666666,1440,1.0,complete,,,,False,0.1125461119421222,1,False,normal
2007-03-01,8.626066666666667,1440,1.0,complete,,,,False,0.1130716995056869,1,False,normal
2007-03-02,8.5948,1440,1.0,complete,11.083514285714283,4.92114804822404,-0.505718231056353,False,0.1120357213131559,1,False,normal
2007-03-03,13.652033333333334,1440,1.0,complete,9.184009523809523,1.2539342434636809,3.563204237234967,True,0.1397245978914976,1,False,zscore_only
2007-03-04,34.845,1440,1.0,complete,9.432104761904762,1.8932411675951024,13.422957240242182,True,0.1802392824764153,1,False,zscore_only
2007-03-05,44.33886666666667,1440,1.0,complete,13.215342857142856,9.712421366376253,3.204507160003513,True,0.0758978399820878,1,False,zscore_only
2007-03-06,20.775,1440,1.0,complete,18.195933333333333,14.983459641996337,0.17212758123217,False,0.2128628006584241,1,False,normal
2007-03-07,39.58676666666667,1440,1.0,complete,19.93019047619048,14.38294594996183,1.3666585593008056,False,0.1154563547606795,1,False,normal
2007-03-08,26.2022,1440,1.0,complete,24.345504761904767,15.080640210405988,0.123117799522468,False,0.2269370023115333,1,False,normal
2007-03-09,21.2102,1440,1.0,complete,26.856380952380952,13.396326258867422,-0.4214723382571829,False,0.2150822954009162,1,False,normal
2007-03-10,41.41186666666667,1440,1.0,complete,28.658580952380955,11.19842168931848,1.1388467114477685,False,0.096650653070924,1,False,normal
2007-03-11,58.0106,1440,1.0,complete,32.624271428571426,9.83014757762752,2.582497197621472,False,-0.0702372127868163,-1,True,isolation_only
2007-03-12,32.51113333333333,1440,1.0,complete,35.93364285714286,13.80012848110767,-0.248005627519695,False,0.1949410182148881,1,False,normal
2007-03-13,21.5024,1440,1.0,complete,34.243966666666665,13.315041753109028,-0.9569302825273936,False,0.2191943225364336,1,False,normal
2007-03-14,29.8894,1440,1.0,complete,34.347880952380955,13.194701538396163,-0.3378993408382082,False,0.2153491791738247,1,False,normal
2007-03-15,31.413566666666668,1440,1.0,complete,32.96254285714286,13.061386408881564,-0.1185920194063707,False,0.1952559683338277,1,False,normal
2007-03-16,28.367566666666665,1440,1.0,complete,33.70702380952381,12.756803531227494,-0.4185576057345903,False,0.209956717729617,1,False,normal
2007-03-17,33.8015,1440,1.0,complete,34.729504761904764,11.842276978227089,-0.0783637102569862,False,0.1868532655138179,1,False,normal
2007-03-18,39.51743333333334,1440,1.0,complete,33.64230952380952,11.470036486326956,0.5122149189784488,False,0.1171741236687587,1,False,normal
2007-03-19,35.8753,1440,1.0,complete,31.00042857142857,5.495713121233594,0.8870316410324546,False,0.1661500912166164,1,False,normal
2007-03-20,34.770466666666664,1440,1.0,complete,31.48102380952381,5.789106384015531,0.568212542478996,False,0.1780512352433134,1,False,normal
2007-03-21,35.70153333333333,1440,1.0,complete,33.37646190476191,3.811850349479248,0.6099587379890338,False,0.1714341714297035,1,False,normal
2007-03-22,24.24963333333333,1440,1.0,complete,34.20676666666667,3.549688553422114,-2.8050723840924188,False,0.2104728828094971,1,False,normal
2007-03-23,21.8168,1440,1.0,complete,33.183347619047616,5.157721801763955,-2.2037923051918438,False,0.2175022951746462,1,False,normal
2007-03-24,49.47383333333333,1440,1.0,complete,32.247523809523805,6.576332061311578,2.6194403450445485,False,0.0160931316030336,1,False,normal
2007-03-25,55.602066666666666,1439,0.9993055555555556,partial,34.48642857142857,9.298126122712151,2.270956299857,False,-0.0387265419004212,-1,True,isolation_only
2007-03-26,23.601366666666667,1440,1.0,complete,,,,False,0.2091587890958599,1,False,normal
2007-03-27,18.419,1440,1.0,complete,,,,False,0.1955196294745312,1,False,normal
2007-03-28,38.8983,1440,1.0,complete,,,,False,0.1244126395041148,1,False,normal
2007-03-29,26.506766666666667,1440,1.0,complete,,,,False,0.2276386910333034,1,False,normal
2007-03-30,23.37323333333333,1440,1.0,complete,,,,False,0.2107109315662892,1,False,normal
2007-03-31,58.49183333333333,1440,1.0,complete,,,,False,-0.074613275028384,-1,True,isolation_only
2007-04-01,46.43253333333333,1440,1.0,complete,,,,False,0.0636963666897181,1,False,normal
2007-04-02,32.679633333333335,1440,1.0,complete,33.67471904761905,14.706270351412542,-0.0676640433303428,False,0.1905805579435466,1,False,normal
2007-04-03,27.380333333333333,1440,1.0,complete,34.97161428571429,14.05578488541753,-0.5400823229912041,False,0.2279247943274067,1,False,normal
2007-04-04,34.1978,1440,1.0,complete,36.25180476190476,12.63300456271745,-0.1625903601718422,False,0.1863337979525594,1,False,normal
2007-04-05,30.73463333333333,1440,1.0,complete,35.58030476190476,12.593751350415186,-0.3847679133677418,False,0.1992853971103661,1,False,normal
2007-04-06,26.685666666666663,1440,1.0,complete,36.184285714285714,12.180676811714044,-0.7798104485035114,False,0.2284505920496672,1,False,normal
2007-04-07,25.89873333333333,1440,1.0,complete,36.65749047619048,11.652943598264702,-0.9232651863568012,False,0.2244425232068376,1,False,normal
2007-04-08,26.8136,1440,1.0,complete,32.001333333333335,7.094602395587866,-0.7312225610500155,False,0.2291704760193392,1,False,normal
2007-04-09,16.682,1440,1.0,complete,29.19862857142857,3.308253938505892,-3.7834545969229514,True,0.171309432401546,1,False,zscore_only
2007-04-10,12.956066666666668,1440,1.0,complete,26.91325238095238,5.379827305911228,-2.59435571453193,False,0.1247166178475959,1,False,normal
2007-04-11,14.791366666666669,1440,1.0,complete,24.852642857142857,7.51129525257629,-1.3394861807655989,False,0.1426157922617582,1,False,normal
2007-04-12,8.961766666666666,1440,1.0,complete,22.08029523809524,7.05470617789674,-1.8595428697697625,False,0.1185900334712068,1,False,normal
2007-04-13,9.1837,1440,1.0,complete,18.96988571428572,7.394693679826431,-1.3234065044483925,False,0.1128013003555946,1,False,normal
2007-04-14,9.2378,1440,1.0,complete,16.469604761904765,7.309415035353169,-0.9893821498610998,False,0.1102822959387036,1,False,normal
2007-04-15,12.102733333333331,1440,1.0,complete,14.089471428571432,6.380968848340463,-0.3113536740983783,False,0.10921388440424,1,False,normal
2007-04-16,15.873166666666666,1440,1.0,complete,11.987919047619048,3.0394244013345526,1.278284012374738,False,0.1613759751322265,1,False,normal
2007-04-17,20.395566666666667,1440,1.0,complete,11.87237142857143,2.8400674421717502,3.001053817080378,True,0.214810409694118,1,False,zscore_only
2007-04-18,16.637433333333334,1440,1.0,complete,12.935157142857149,4.319717695881959,0.8570643850188667,False,0.1714537047148778,1,False,normal
2007-04-19,17.1443,1440,1.0,complete,13.198880952380955,4.504335861016063,0.8759158218563791,False,0.1770747080290933,1,False,normal
2007-04-20,13.709666666666667,1440,1.0,complete,14.367814285714289,4.277511101089796,-0.1538622819423994,False,0.1396378920203804,1,False,normal
2007-04-21,27.894266666666667,1440,1.0,complete,15.014380952380955,3.6609285138171943,3.5182019167197693,True,0.2300896233096544,1,False,zscore_only
2007-04-22,37.228566666666666,1440,1.0,complete,17.679590476190477,5.215578609203627,3.7481893487290656,True,0.150119032099905,1,False,zscore_only
2007-04-23,17.5761,1440,1.0,complete,21.26899523809524,8.407218228633168,-0.4392529297643347,False,0.1824260193421543,1,False,normal
2007-04-24,17.201666666666668,1440,1.0,complete,21.51227142857143,8.24819309704156,-0.5226120086168787,False,0.1769599025761339,1,False,normal
2007-04-25,21.069366666666667,1440,1.0,complete,21.056000000000004,8.40707177290727,0.0015899313135089,False,0.2148125888481653,1,False,normal
2007-04-26,21.257766666666665,1440,1.0,complete,21.689133333333334,8.182741770788493,-0.0527166417748394,False,0.2165463497876852,1,False,normal
2007-04-27,18.238866666666667,1440,1.0,complete,22.276771428571436,7.946245599662657,-0.508152524517514,False,0.1958439185147774,1,False,normal
2007-04-28,0.3789666666666667,21,0.0145833333333333,partial,22.923800000000004,7.289670589722561,-3.092709479234696,False,-0.0709799128260876,-1,True,isolation_only
2007-04-30,7.0137,576,0.4,partial,,,,False,0.0222371567359662,1,False,normal
2007-05-01,27.730966666666667,1440,1.0,complete,,,,False,0.2259136297102737,1,False,normal
2007-05-02,16.724766666666667,1440,1.0,complete,,,,False,0.1718379671563186,1,False,normal
2007-05-03,18.17063333333333,1440,1.0,complete,,,,False,0.1926449166904038,1,False,normal
2007-05-04,16.635466666666666,1440,1.0,complete,,,,False,0.1714537047148778,1,False,normal
2007-05-05,26.050866666666668,1440,1.0,complete,,,,False,0.2229795125453329,1,False,normal
2007-05-06,35.035066666666665,1440,1.0,complete,,,,False,0.1808250279629354,1,False,normal
2007-05-07,27.3944,1440,1.0,complete,,,,False,0.2284409974279296,1,False,normal
2007-05-08,29.82153333333333,1440,1.0,complete,23.96316666666667,6.982814668832239,0.8389692329678252,False,0.2145935073704607,1,False,normal
2007-05-09,27.762266666666665,1440,1.0,complete,24.26181904761905,7.211772720629831,0.4853796361377718,False,0.2264507582008756,1,False,normal
2007-05-10,11.798066666666667,1440,1.0,complete,25.838604761904765,6.456265655201045,-2.174715051250611,False,0.1008496504034552,1,False,normal
2007-05-11,16.319233333333333,1440,1.0,complete,24.9282380952381,7.985797279787528,-1.0780394818804893,False,0.168077911970142,1,False,normal
2007-05-12,24.0261,1440,1.0,complete,24.88306190476191,8.041230917069827,-0.1065709856612576,False,0.2047277186561375,1,False,normal
2007-05-13,27.24563333333333,1440,1.0,complete,24.59380952380952,8.028629139262788,0.3302959650428325,False,0.2269642627772435,1,False,normal
2007-05-14,24.46303333333333,1440,1.0,complete,23.481033333333333,6.783530766714512,0.1447623713624889,False,0.2172284349105858,1,False,normal
2007-05-15,15.0732,1440,1.0,complete,23.062266666666662,6.589386221571508,-1.2124143885378975,False,0.1526978158712638,1,False,normal
2007-05-16,28.215733333333333,1440,1.0,complete,20.955361904761904,6.423709095548472,1.1302459872603432,False,0.2189922499661185,1,False,normal
2007-05-17,20.530266666666662,1440,1.0,complete,21.02014285714286,6.505560392285304,-0.0753011517742767,False,0.2117530356069984,1,False,normal
2007-05-18,27.192166666666665,1440,1.0,complete,22.2676,5.135402292943539,0.9589446718582152,False,0.2266757948825955,1,False,normal
2007-05-19,23.824033333333333,1440,1.0,complete,23.82087619047619,4.658572074649958,0.0006777061310956,False,0.2065969518861269,1,False,normal
2007-05-20,32.80546666666667,1440,1.0,complete,23.79200952380952,4.657714439734989,1.935167400122964,False,0.1882776600503156,1,False,normal
2007-05-21,18.6677,1440,1.0,complete,24.58627142857143,5.70182355695111,-1.038013780934361,False,0.2037148905194287,1,False,normal
2007-05-22,18.880866666666662,1440,1.0,complete,23.758366666666667,6.127548004858981,-0.7959953958960874,False,0.2046610336095686,1,False,normal
2007-05-23,24.4156,1440,1.0,complete,24.30231904761905,5.347394446271998,0.0211843269687961,False,0.2143970907708616,1,False,normal
2007-05-24,19.2398,1440,1.0,complete,23.759442857142854,5.069562497220736,-0.8915252272006988,False,0.2082760378784898,1,False,normal
2007-05-25,26.903666666666663,1440,1.0,complete,23.575090476190475,5.227562777620914,0.6367357661826181,False,0.227721458072017,1,False,normal
2007-05-26,25.20413333333333,1440,1.0,complete,23.5338761904762,5.19533066850213,0.3214919799009999,False,0.2254059056107854,1,False,normal
2007-05-27,35.8968,1440,1.0,complete,23.731033333333333,5.234218115970616,2.324275832057237,False,0.1652283380704181,1,False,normal
2007-05-28,27.29113333333333,1440,1.0,complete,24.172652380952385,6.173567071224664,0.5051343763504831,False,0.2283616890462322,1,False,normal
2007-05-29,17.689,1440,1.0,complete,25.404571428571423,5.736936366680683,-1.344894022771871,False,0.1862324061946221,1,False,normal
2007-05-30,26.8311,1440,1.0,complete,25.234304761904763,5.975547628132846,0.2672215732291267,False,0.2294394863639665,1,False,normal
2007-05-31,15.6425,1440,1.0,complete,25.57937619047619,5.990116502011575,-1.658878618995011,False,0.1618832633755005,1,False,normal
2007-06-01,17.4153,1439,0.9993055555555556,partial,25.065476190476183,6.732899374539277,-1.1362380105375744,False,0.179161145098309,1,False,normal
2007-06-02,24.739366666666665,1440,1.0,complete,,,,False,0.2201044907665418,1,False,normal
2007-06-03,35.133766666666666,1440,1.0,complete,,,,False,0.1727192260628025,1,False,normal
2007-06-04,15.193633333333333,1440,1.0,complete,,,,False,0.1592275750552967,1,False,normal
2007-06-05,24.314866666666667,1440,1.0,complete,,,,False,0.2139781401038454,1,False,normal
2007-06-06,28.2273,1439,0.9993055555555556,partial,,,,False,0.2190962323742266,1,False,normal
2007-06-07,16.4167,1440,1.0,complete,,,,False,0.1665515258011952,1,False,normal
2007-06-08,35.80076666666667,1440,1.0,complete,,,,False,0.1674427851344447,1,False,normal
2007-06-09,17.663566666666668,1402,0.9736111111111112,partial,,,,False,0.1864000336724851,1,False,normal
2007-06-10,22.346866666666667,1440,1.0,complete,,,,False,0.2092561591163393,1,False,normal
2007-06-11,13.244233333333334,1440,1.0,complete,,,,False,0.1309640105826097,1,False,normal
2007-06-12,15.312766666666668,1440,1.0,complete,,,,False,0.1586925511043041,1,False,normal
2007-06-13,15.454533333333334,1440,1.0,complete,,,,False,0.1578417946467941,1,False,normal
2007-06-14,20.98473333333333,1440,1.0,complete,,,,False,0.212918742552532,1,False,normal
2007-06-15,16.4934,1440,1.0,complete,,,,False,0.1716087552484304,1,False,normal
2007-06-16,33.62936666666667,1440,1.0,complete,,,,False,0.1831642853291273,1,False,normal
2007-06-17,32.4515,1440,1.0,complete,19.63798571428572,6.974809299367192,1.837113207794344,False,0.1957074373139759,1,False,normal
2007-06-18,11.3079,1440,1.0,complete,21.081504761904764,8.50636693135788,-1.1489752135985738,False,0.0845959558406763,1,False,normal
2007-06-19,14.039333333333332,1438,0.9986111111111112,partial,20.80488571428572,8.829067241595409,-0.7662816689263149,False,0.1351799704274799,1,False,normal
2007-06-20,17.904766666666667,1440,1.0,complete,,,,False,0.1888883030462216,1,False,normal
2007-06-21,13.4491,1440,1.0,complete,,,,False,0.1348853099781922,1,False,normal
2007-06-22,9.438233333333333,1440,1.0,complete,,,,False,0.1020611324156584,1,False,normal
2007-06-23,7.959433333333333,1440,1.0,complete,,,,False,0.0586466747133271,1,False,normal
2007-06-24,11.910933333333334,1440,1.0,complete,,,,False,0.1046305667567599,1,False,normal
2007-06-25,17.870033333333332,1440,1.0,complete,,,,False,0.1871297906467209,1,False,normal
2007-06-26,15.748466666666667,1440,1.0,complete,,,,False,0.1625914442986168,1,False,normal
2007-06-27,24.680433333333333,1440,1.0,complete,13.468709523809524,3.942745670624314,2.843633535142146,False,0.2209913743216876,1,False,normal
2007-06-28,21.590633333333333,1440,1.0,complete,14.436661904761907,5.667702145537323,1.262234896060015,False,0.2212283030284424,1,False,normal
2007-06-29,21.736633333333334,1439,0.9993055555555556,partial,15.599738095238097,6.23794692152102,0.9838004900174524,False,0.2197971758558868,1,False,normal
2007-06-30,22.255233333333333,1440,1.0,complete,,,,False,0.210045064964036,1,False,normal
2007-07-01,17.111066666666666,1440,1.0,complete,,,,False,0.1765846165637722,1,False,normal
2007-07-02,16.1172,1440,1.0,complete,,,,False,0.1655261028893999,1,False,normal
2007-07-03,17.6652,1440,1.0,complete,,,,False,0.1868725240690874,1,False,normal
2007-07-04,16.7235,1440,1.0,complete,,,,False,0.1720004426525764,1,False,normal
2007-07-05,17.6215,1440,1.0,complete,,,,False,0.1834571898406035,1,False,normal
2007-07-06,17.8254,1440,1.0,complete,,,,False,0.187539524442784,1,False,normal
2007-07-07,22.636766666666663,1440,1.0,complete,17.902728571428575,2.012097065936595,2.352788131041023,False,0.2111681178097554,1,False,normal
2007-07-08,18.151333333333334,1440,1.0,complete,17.957233333333335,2.150086479569823,0.0902754386134427,False,0.1903403221603878,1,False,normal
2007-07-09,19.6693,1440,1.0,complete,18.105842857142857,2.117558124587048,0.7383302137985174,False,0.2008405316151933,1,False,normal
2007-07-10,15.138733333333333,1440,1.0,complete,18.61328571428572,1.9829071468198864,-1.7522516808337412,False,0.1583572476178502,1,False,normal
2007-07-11,12.0392,1440,1.0,complete,18.252361904761905,2.3753354243782505,-2.615698751846053,False,0.1046366841089482,1,False,normal
2007-07-12,17.826366666666665,1440,1.0,complete,17.58317619047619,3.341272356437514,0.0727837931924128,False,0.187539524442784,1,False,normal
2007-07-13,13.2397,1440,1.0,complete,17.61244285714286,3.34256096649086,-1.308201376423516,False,0.1306739963475598,1,False,normal
2007-07-14,21.4695,1440,1.0,complete,16.95734285714286,3.7217316795691087,1.2123810987307784,False,0.2205352106667997,1,False,normal
2007-07-15,15.283733333333334,1310,0.9097222222222222,partial,16.790590476190477,3.4403677842644385,-0.4379930395085111,False,0.1583434180857229,1,False,normal
2007-07-16,14.2279,1440,1.0,complete,,,,False,0.1359287161839454,1,False,normal
2007-07-17,11.993866666666667,1440,1.0,complete,,,,False,0.104367501655288,1,False,normal
2007-07-18,12.618033333333331,1440,1.0,complete,,,,False,0.1198680016348818,1,False,normal
2007-07-19,11.2981,1440,1.0,complete,,,,False,0.0840196143652,1,False,normal
2007-07-20,18.50703333333333,1440,1.0,complete,,,,False,0.199131220409876,1,False,normal
2007-07-21,17.6708,1440,1.0,complete,,,,False,0.187205638793844,1,False,normal
2007-07-22,22.929566666666663,1439,0.9993055555555556,partial,,,,False,0.2099555527172594,1,False,normal
2007-07-23,16.516966666666665,1440,1.0,complete,,,,False,0.1698308829300344,1,False,normal
2007-07-24,13.754733333333334,1440,1.0,complete,,,,False,0.1409353255338348,1,False,normal
2007-07-25,7.876,1440,1.0,complete,,,,False,0.0534924955334427,1,False,normal
2007-07-26,15.408333333333331,1440,1.0,complete,,,,False,0.1582848915009902,1,False,normal
2007-07-27,20.0419,1440,1.0,complete,,,,False,0.205370488373747,1,False,normal
2007-07-28,27.031033333333333,1440,1.0,complete,,,,False,0.2276862298922997,1,False,normal
2007-07-29,5.351933333333333,1440,1.0,complete,,,,False,0.0071291792404704,1,False,normal
2007-07-30,7.780266666666667,1440,1.0,complete,15.140128571428573,7.278784765976891,-1.0111388289929923,False,0.0490502964343263,1,False,normal
2007-07-31,13.538866666666667,1440,1.0,complete,13.892028571428574,7.73791374621491,-0.0456404550819217,False,0.1378793105829662,1,False,normal
2007-08-01,17.6723,1419,0.9854166666666668,partial,13.861190476190478,7.738982182161898,0.49245616982993,False,0.187205638793844,1,False,normal
2007-08-02,16.990266666666667,1440,1.0,complete,,,,False,0.1757071383474521,1,False,normal
2007-08-03,17.722733333333334,1440,1.0,complete,,,,False,0.1869947334131361,1,False,normal
2007-08-04,19.083166666666667,1440,1.0,complete,,,,False,0.2077331711202575,1,False,normal
2007-08-05,13.1183,1440,1.0,complete,,,,False,0.1291246710214963,1,False,normal
2007-08-06,18.162,1440,1.0,complete,,,,False,0.1914413500893868,1,False,normal
2007-08-07,24.726333333333333,1440,1.0,complete,,,,False,0.2186202187963334,1,False,normal
2007-08-08,18.758033333333334,1440,1.0,complete,,,,False,0.2037168422535579,1,False,normal
2007-08-09,17.861333333333334,1440,1.0,complete,18.36583333333333,3.4401614200929096,-0.1466500952697664,False,0.1871297906467209,1,False,normal
2007-08-10,17.1335,1440,1.0,complete,18.49027142857143,3.397602250031242,-0.3993320373386707,False,0.174935580481728,1,False,normal
2007-08-11,18.194166666666668,1440,1.0,complete,18.40609523809524,3.4269598008766846,-0.0618415691291029,False,0.1935058638013426,1,False,normal
2007-08-12,20.6984,1440,1.0,complete,18.27909523809524,3.414134977339272,0.7086142691962894,False,0.2117731267676408,1,False,normal
2007-08-13,19.216866666666668,1440,1.0,complete,19.361966666666667,2.6124337371712394,-0.0555420786125333,False,0.2076178685204561,1,False,normal
2007-08-14,15.6865,1440,1.0,complete,19.512661904761902,2.561608570542468,-1.4936559585103375,False,0.1632844223077677,1,False,normal
2007-08-15,19.86433333333333,1440,1.0,complete,18.221257142857148,1.589239448862089,1.033875789864543,False,0.2031950921736372,1,False,normal
2007-08-16,15.974933333333333,1440,1.0,complete,18.3793,1.7024893553806892,-1.4122653155320517,False,0.1626000775712049,1,False,normal
2007-08-17,16.831533333333333,1440,1.0,complete,18.10981428571429,1.9319744554763465,-0.6616448518548249,False,0.1723649920398055,1,False,normal
2007-08-18,5.799333333333333,1440,1.0,complete,18.06667619047619,1.9605670149892656,-6.2570382768629935,True,0.0069419222236469,1,False,zscore_only
2007-08-19,23.7049,1440,1.0,complete,16.295985714285717,5.026379938840286,1.4740060194143834,False,0.2078802089251571,1,False,normal
2007-08-20,22.31403333333333,1440,1.0,complete,16.725485714285718,5.564866565298406,1.004255457605557,False,0.2094341342210168,1,False,normal
2007-08-21,10.709266666666666,1440,1.0,complete,17.167938095238096,5.908482264395536,-1.0931185268154784,False,0.0779538467264019,1,False,normal
2007-08-22,20.163466666666668,1440,1.0,complete,16.456904761904763,6.395855103066152,0.5795256216772314,False,0.2090091567150446,1,False,normal
2007-08-23,18.538533333333334,1440,1.0,complete,16.499638095238094,6.423356128438675,0.317418993642321,False,0.2012459428594483,1,False,normal
2007-08-24,27.603566666666666,1439,0.9993055555555556,partial,16.86586666666667,6.46142320307675,1.661816547612452,False,0.22824289128616,1,False,normal
2007-08-25,19.18133333333333,1440,1.0,complete,,,,False,0.2071932975980035,1,False,normal
2007-08-26,21.9151,1440,1.0,complete,,,,False,0.2152713169114058,1,False,normal
2007-08-27,20.1955,1440,1.0,complete,,,,False,0.2112957124204691,1,False,normal
2007-08-28,16.616733333333332,1440,1.0,complete,,,,False,0.1708027324819598,1,False,normal
2007-08-29,12.466533333333333,1440,1.0,complete,,,,False,0.120715787016285,1,False,normal
2007-08-30,20.040966666666662,1440,1.0,complete,,,,False,0.205092565137005,1,False,normal
2007-08-31,21.330366666666663,1440,1.0,complete,,,,False,0.2173433848256659,1,False,normal
2007-09-01,28.3581,1440,1.0,complete,18.820933333333333,3.2816617495588813,2.9062003931235894,False,0.2106287840894141,1,False,normal
2007-09-02,27.7078,1440,1.0,complete,20.1319,4.888985029143013,1.549585436412754,False,0.2275027968024417,1,False,normal
2007-09-03,17.315366666666666,1440,1.0,complete,20.95942857142857,5.669125175095254,-0.6427908702334618,False,0.1768834031259527,1,False,normal
2007-09-04,26.41573333333333,1440,1.0,complete,20.547980952380957,5.835872654058762,1.0054627180515052,False,0.2269436149475479,1,False,normal
2007-09-05,20.60953333333333,1440,1.0,complete,21.94783809523809,5.9104859899644,-0.226428886588533,False,0.2100777874967559,1,False,normal
2007-09-06,15.024566666666669,1440,1.0,complete,23.111123809523807,4.321002042381358,-1.871454135763504,False,0.1516454112961828,1,False,normal
2007-09-07,22.274933333333333,1440,1.0,complete,22.39449523809524,5.234469057423207,-0.022841266888826,False,0.2099732426914347,1,False,normal
2007-09-08,24.495866666666668,1440,1.0,complete,22.529433333333337,5.214602338376984,0.377101302406383,False,0.2181735912406853,1,False,normal
2007-09-09,27.9917,1440,1.0,complete,21.977685714285712,4.671098946035087,1.2874945179268986,False,0.2241371724067623,1,False,normal
2007-09-10,18.62293333333333,1440,1.0,complete,22.01824285714286,4.730004159802119,-0.717823792347695,False,0.2020007819717967,1,False,normal
2007-09-11,16.392866666666666,1440,1.0,complete,22.2050380952381,4.535130854105729,-1.2815884735298382,False,0.166057949227176,1,False,normal
2007-09-12,21.462733333333333,1440,1.0,complete,20.773200000000003,4.566266366761971,0.1510059374443132,False,0.2209514344321858,1,False,normal
2007-09-13,19.106366666666663,1440,1.0,complete,20.89508571428572,4.57255230955865,-0.3911861311853869,False,0.2070274357585364,1,False,normal
2007-09-14,18.9245,1440,1.0,complete,21.478200000000005,3.911644449446835,-0.6528456338512918,False,0.206076383599549,1,False,normal
2007-09-15,18.2552,1440,1.0,complete,20.99956666666667,4.001848414679575,-0.6857747676298256,False,0.1966150042065328,1,False,normal
2007-09-16,27.537066666666668,1440,1.0,complete,20.10804285714286,3.782249687573891,1.9641812210153493,False,0.2275258218852145,1,False,normal
2007-09-17,24.3531,1440,1.0,complete,20.04309523809524,3.6249435319447,1.1889853521642422,False,0.2140486586483224,1,False,normal
2007-09-18,19.458666666666662,1440,1.0,complete,20.86169047619048,3.888227696603464,-0.3608389011655409,False,0.2064944770497364,1,False,normal
2007-09-19,21.64473333333333,1440,1.0,complete,21.299661904761905,3.448797966625841,0.1000555648404738,False,0.2202596048308887,1,False,normal
2007-09-20,20.92553333333333,1440,1.0,complete,21.32566190476191,3.4509176192141324,-0.1159484564918991,False,0.212209249633463,1,False,normal
2007-09-21,20.64633333333333,1440,1.0,complete,21.58554285714285,3.322023962425704,-0.2827220798021347,False,0.2111544603508843,1,False,normal
2007-09-22,19.602866666666667,1440,1.0,complete,21.831519047619047,3.151520656225041,-0.7071673087562454,False,0.1988895937197344,1,False,normal
2007-09-23,23.63283333333333,1440,1.0,complete,22.024042857142856,2.930013374935504,0.5490727414259287,False,0.2094757813375329,1,False,normal
2007-09-24,22.5755,1440,1.0,complete,21.46629523809524,1.8941607063920325,0.5855916861550566,False,0.2100541119773766,1,False,normal
2007-09-25,29.4057,1440,1.0,complete,21.21235238095238,1.526016237214642,5.369109069247198,True,0.2077529120980519,1,False,zscore_only
2007-09-26,30.371066666666668,1438,0.9986111111111112,partial,22.633357142857143,3.26325765726081,2.3711610716956333,False,0.2016538101850502,1,False,normal
2007-09-27,23.21,1440,1.0,complete,,,,False,0.21006537311632,1,False,normal
2007-09-28,28.0083,1440,1.0,complete,,,,False,0.2237564811145558,1,False,normal
2007-09-29,38.27536666666666,1440,1.0,complete,,,,False,0.1329132985910746,1,False,normal
2007-09-30,25.2715,1440,1.0,complete,,,,False,0.2261664712072295,1,False,normal
2007-10-01,28.682033333333333,1440,1.0,complete,,,,False,0.2111235214782916,1,False,normal
2007-10-02,36.647733333333335,1440,1.0,complete,,,,False,0.1682553418067469,1,False,normal
2007-10-03,21.3409,1440,1.0,complete,,,,False,0.2175209666075107,1,False,normal
2007-10-04,25.30763333333333,1440,1.0,complete,28.77654761904762,6.472286199946702,-0.5359642912179707,False,0.2238159097158631,1,False,normal
2007-10-05,23.234866666666665,1440,1.0,complete,29.076209523809528,6.215052494421271,-0.9398702363956128,False,0.2110137176922379,1,False,normal
2007-10-06,29.270666666666667,1440,1.0,complete,28.394290476190477,6.601603663272325,0.1327520152946876,False,0.2111753726143466,1,False,normal
2007-10-07,35.1019,1440,1.0,complete,27.107904761904763,5.050344487679247,1.5828613785846255,False,0.1747007880162332,1,False,normal
2007-10-08,18.25403333333333,1440,1.0,complete,28.51224761904762,5.770069353420269,-1.7778320601352264,False,0.1966150042065328,1,False,normal
2007-10-09,28.130966666666662,1440,1.0,complete,27.02253333333333,6.94537729514036,0.1595929617976105,False,0.2224839768417542,1,False,normal
2007-10-10,19.44953333333333,1440,1.0,complete,25.80585238095238,5.592428754818804,-1.136593656582934,False,0.2064944770497364,1,False,normal
2007-10-11,28.8741,1440,1.0,complete,25.53565714285714,5.882282862835825,0.5675420470231193,False,0.2119459655285874,1,False,normal
2007-10-12,31.9084,1440,1.0,complete,26.04515238095238,6.012259948633828,0.9752152550190268,False,0.1876216373040017,1,False,normal
2007-10-13,32.11213333333333,1440,1.0,complete,27.28422857142857,6.226508068270062,0.7753791866917341,False,0.1904804414369432,1,False,normal
2007-10-14,34.3542,1440,1.0,complete,27.69015238095238,6.465623525683537,1.0306890886201272,False,0.1856127626858698,1,False,normal
2007-10-15,21.1055,1440,1.0,complete,27.58333809523809,6.327471695107007,-1.0237640573323097,False,0.2142368127559229,1,False,normal
2007-10-16,32.7407,1440,1.0,complete,27.99069047619048,5.686039858372844,0.8353809755334385,False,0.1896351746658348,1,False,normal
2007-10-17,26.282166666666665,1440,1.0,complete,28.64922380952381,5.965086554763435,-0.396818574403908,False,0.2251560107351432,1,False,normal
2007-10-18,25.30883333333333,1440,1.0,complete,29.625314285714285,4.615064679409345,-0.9353023743392904,False,0.2237225333838599,1,False,normal
2007-10-19,34.7608,1440,1.0,complete,29.115990476190472,4.899740497879479,1.152062956446878,False,0.179439584796396,1,False,normal
2007-10-20,27.670766666666665,1440,1.0,complete,29.52347619047619,5.2749210584829545,-0.3512298105068435,False,0.2276422539068204,1,False,normal
2007-10-21,32.36566666666667,1440,1.0,complete,28.88899523809524,5.177872427667098,0.671447873067404,False,0.1953158422645968,1,False,normal
2007-10-22,27.548266666666667,1440,1.0,complete,28.604919047619045,4.873671843382926,-0.2168082741120568,False,0.22792746099569,1,False,normal
2007-10-23,32.577466666666666,1438,0.9986111111111112,partial,29.52531428571429,3.684684515308457,0.8283347918313895,False,0.1932852180644053,1,False,normal
2007-10-24,31.09393333333333,1440,1.0,complete,,,,False,0.2025283163885592,1,False,normal
2007-10-25,30.898633333333333,1440,1.0,complete,,,,False,0.2022541484637393,1,False,normal
2007-10-26,23.959466666666668,1440,1.0,complete,,,,False,0.2052865578173443,1,False,normal
2007-10-27,29.761466666666667,1440,1.0,complete,,,,False,0.2149913836083212,1,False,normal
2007-10-28,8.535966666666667,1440,1.0,complete,,,,False,0.1107067100065729,1,False,normal
2007-10-29,9.090466666666666,1440,1.0,complete,,,,False,0.1160183773433796,1,False,normal
2007-10-30,13.5168,1440,1.0,complete,,,,False,0.1390525376859909,1,False,normal
2007-10-31,21.38683333333333,1440,1.0,complete,20.979533333333336,10.316464464703046,0.0394805799403018,False,0.2171391656551943,1,False,normal
2007-11-01,8.270266666666666,1440,1.0,complete,19.592804761904763,9.336133454872792,-1.2127652362690406,False,0.0902545878955368,1,False,normal
2007-11-02,24.060033333333333,1440,1.0,complete,16.360180952380954,8.662269137832332,0.8888955374664345,False,0.2041304416146617,1,False,normal
2007-11-03,8.209166666666667,1440,1.0,complete,16.374547619047622,8.677044218422811,-0.9410325390579998,False,0.0768113537669905,1,False,normal
2007-11-04,24.761433333333333,1440,1.0,complete,13.29564761904762,6.743553047797922,1.700258844709439,False,0.219045918082864,1,False,normal
2007-11-05,25.009866666666667,1440,1.0,complete,15.61357142857143,7.572464702470249,1.2408503185270747,False,0.2195005790932015,1,False,normal
2007-11-06,34.7063,1440,1.0,complete,17.88777142857143,7.676684386369917,2.1908584129484536,False,0.1811912995822568,1,False,normal
2007-11-07,30.745966666666668,1440,1.0,complete,20.91484285714286,9.602120261088794,1.023849268933135,False,0.1990766167522765,1,False,normal
2007-11-08,25.017666666666667,1440,1.0,complete,22.251861904761903,10.304684710227434,0.268402657595112,False,0.2194702201330913,1,False,normal
2007-11-09,36.1871,1440,1.0,complete,24.644347619047625,8.258489744809982,1.3976832008789957,False,0.1592446910659162,1,False,normal
2007-11-10,43.52666666666666,1440,1.0,complete,26.37678571428572,9.319336834931413,1.8402469248775848,False,0.0804791102637191,1,False,normal
2007-11-11,31.452066666666667,1440,1.0,complete,31.422142857142852,7.152701915896635,0.0041835672555159,False,0.1949364179522438,1,False,normal
2007-11-12,35.935766666666666,1440,1.0,complete,32.37794761904762,6.534622828438268,0.5444566796014062,False,0.1637322385653928,1,False,normal
2007-11-13,36.90663333333333,1440,1.0,complete,33.93879047619048,5.737647885408332,0.517257753772327,False,0.1597445008769068,1,False,normal
2007-11-14,34.13323333333334,1440,1.0,complete,34.25312380952381,5.8459530415782615,-0.0205082858753348,False,0.1898032415598172,1,False,normal
2007-11-15,24.866466666666668,1440,1.0,complete,34.73701904761905,5.643966425565407,-1.7488680188177343,False,0.2183013831617909,1,False,normal
2007-11-16,38.4959,1440,1.0,complete,34.71541904761905,5.687484355399103,0.6647017760659254,False,0.1284963734212977,1,False,normal
2007-11-17,43.50156666666667,1440,1.0,complete,35.04524761904762,5.851631580984591,1.445121575168646,False,0.080519220416784,1,False,normal
2007-11-18,36.39763333333333,1440,1.0,complete,35.04166190476191,5.845572765347557,0.231965537510643,False,0.1652272307317023,1,False,normal
2007-11-19,28.727566666666668,1440,1.0,complete,35.74817142857143,5.634472769197216,-1.2460091741476356,False,0.2111227073562888,1,False,normal
2007-11-20,34.930933333333336,1440,1.0,complete,34.718428571428575,6.22247012993522,0.03415119035806,False,0.1796212895932077,1,False,normal
2007-11-21,29.197266666666668,1439,0.9993055555555556,partial,34.43618571428572,6.151071696441315,-0.8517083373698952,False,0.208615449442632,1,False,normal
2007-11-22,32.2063,1440,1.0,complete,,,,False,0.192357722097945,1,False,normal
2007-11-23,42.04363333333333,1440,1.0,complete,,,,False,0.0880006965122934,1,False,normal
2007-11-24,31.6509,1440,1.0,complete,,,,False,0.1923399365402537,1,False,normal
2007-11-25,23.259966666666667,1440,1.0,complete,,,,False,0.2108200133494116,1,False,normal
2007-11-26,26.161933333333334,1440,1.0,complete,,,,False,0.2251018153905594,1,False,normal
2007-11-27,46.68353333333334,1440,1.0,complete,,,,False,0.0593917214595161,1,False,normal
2007-11-28,27.415666666666667,1440,1.0,complete,,,,False,0.229464446559102,1,False,normal
2007-11-29,28.65383333333333,1439,0.9993055555555556,partial,32.77456190476191,8.601674704756892,-0.4790611959726559,False,0.2137565563525976,1,False,normal
2007-11-30,38.86213333333333,1440,1.0,complete,,,,False,0.1232460338676243,1,False,normal
2007-12-01,52.24903333333334,1440,1.0,complete,,,,False,-0.0033386438185754,-1,True,isolation_only
2007-12-02,49.10313333333333,1440,1.0,complete,,,,False,0.0211180197803541,1,False,normal
2007-12-03,29.36766666666667,1440,1.0,complete,,,,False,0.2075413467036178,1,False,normal
2007-12-04,34.4606,1440,1.0,complete,,,,False,0.1806023538043548,1,False,normal
2007-12-05,35.885333333333335,1440,1.0,complete,,,,False,0.1650635712299668,1,False,normal
2007-12-06,41.46556666666667,1440,1.0,complete,,,,False,0.0958213562205914,1,False,normal
2007-12-07,29.4836,1440,1.0,complete,40.199066666666674,8.131554113201581,-1.317763679303334,False,0.2099554214532242,1,False,normal
2007-12-08,36.89006666666667,1440,1.0,complete,38.859276190476194,9.103127661062295,-0.2163223012056195,False,0.1595978141878244,1,False,normal
2007-12-09,37.909733333333335,1440,1.0,complete,36.6651380952381,6.929334927426626,0.1796125098772569,False,0.1404059392229243,1,False,normal
2007-12-10,29.312566666666665,1440,1.0,complete,35.06608095238096,4.4166446683668426,-1.3026889681487075,False,0.2102858808339398,1,False,normal
2007-12-11,38.4184,1440,1.0,complete,35.05820952380952,4.428526246737377,0.7587604293112238,False,0.1290909094000647,1,False,normal
2007-12-12,26.4677,1440,1.0,complete,35.62360952380953,4.589245963510498,-1.995079278079444,False,0.2271844263599246,1,False,normal
2007-12-13,30.795766666666665,1440,1.0,complete,34.27823333333333,5.736709150723914,-0.6070495427203618,False,0.2004558543980783,1,False,normal
2007-12-14,32.913466666666665,1440,1.0,complete,32.753976190476195,4.859102901722011,0.0328230291509053,False,0.1884842688741861,1,False,normal
2007-12-15,45.6146,1440,1.0,complete,33.24395714285715,4.642463309961436,2.6646721861212974,False,0.0704564097269163,1,False,normal
2007-12-16,46.036966666666665,1440,1.0,complete,34.490319047619046,6.559719983377108,1.7602348344605885,False,0.0699221942029572,1,False,normal
2007-12-17,29.9511,1439,0.9993055555555556,partial,35.65135238095238,7.856804332713091,-0.7255179255538345,False,0.2128668789885677,1,False,normal
2007-12-18,43.7199,1440,1.0,complete,,,,False,0.0775140093983254,1,False,normal
2007-12-19,36.60086666666667,1440,1.0,complete,,,,False,0.168277635875672,1,False,normal
2007-12-20,32.49596666666667,1440,1.0,complete,,,,False,0.1950495267536897,1,False,normal
2007-12-21,33.04293333333333,1440,1.0,complete,,,,False,0.189136433977104,1,False,normal
2007-12-22,43.52106666666667,1440,1.0,complete,,,,False,0.0804791102637191,1,False,normal
2007-12-23,40.1508,1440,1.0,complete,,,,False,0.10548500212372,1,False,normal
2007-12-24,37.6308,1440,1.0,complete,,,,False,0.1431714483113235,1,False,normal
2007-12-25,44.916133333333335,1440,1.0,complete,38.166047619047625,4.556920500767715,1.4812823074592825,False,0.0711702857795962,1,False,normal
2007-12-26,43.004666666666665,1440,1.0,complete,38.3369380952381,4.815030333908048,0.9694079263754232,False,0.0850000078042323,1,False,normal
2007-12-27,42.2033,1440,1.0,complete,39.25176666666666,5.033594962920672,0.5863668720021032,False,0.0904803937567855,1,False,normal
2007-12-28,51.8842,1440,1.0,complete,40.63852857142857,4.115649499546979,2.7324171870829304,False,-0.002562025195241,-1,True,isolation_only
2007-12-29,54.9826,1440,1.0,complete,43.3301380952381,4.466358525624379,2.60894011036271,False,-0.0340676102676472,-1,True,isolation_only
2007-12-30,42.6486,1440,1.0,complete,44.9675,6.280484157940989,-0.3692231270208675,False,0.0855094212985591,1,False,normal
2007-12-31,36.942366666666665,1440,1.0,complete,45.32432857142857,6.027054275835087,-1.3907228176737356,False,0.1580790922717764,1,False,normal
2008-01-01,45.99563333333333,1440,1.0,complete,45.22598095238096,6.177263379758841,0.1245943929595599,False,0.0704551052840911,1,False,normal
2008-01-02,27.401766666666667,1440,1.0,complete,45.38019523809525,6.181712034926157,-2.9083251484138954,False,0.2290017205866965,1,False,normal
2008-01-03,25.168466666666667,1440,1.0,complete,43.15120952380953,9.238357527174069,-1.94653030089469,False,0.2254780633092587,1,False,normal
2008-01-04,38.19753333333333,1440,1.0,complete,40.717661904761904,11.497165802209324,-0.219195636105752,False,0.1360452927793823,1,False,normal
2008-01-05,36.38746666666667,1440,1.0,complete,38.76242380952381,10.392366684427442,-0.2285289977706351,False,0.1649890330145871,1,False,normal
2008-01-06,30.419733333333333,1440,1.0,complete,36.10597619047619,7.540524074765358,-0.7540912011901241,False,0.2015199448676373,1,False,normal
2008-01-07,28.263566666666662,1440,1.0,complete,34.35899523809524,7.180074910406378,-0.8489366263566724,False,0.2169831383265962,1,False,normal
2008-01-08,34.05916666666667,1440,1.0,complete,33.119166666666665,7.405415491832057,0.1269341336805201,False,0.1890737817390617,1,False,normal
2008-01-09,29.80733333333333,1440,1.0,complete,31.413957142857143,4.895016193054336,-0.3282162399796547,False,0.2144015694001486,1,False,normal
2008-01-10,31.567933333333333,1440,1.0,complete,31.757609523809524,4.644423001786489,-0.040839559704883,False,0.1929059499418317,1,False,normal
2008-01-11,28.4303,1440,1.0,complete,32.67181904761905,3.655879060011173,-1.1601912913404997,False,0.2112849522436932,1,False,normal
2008-01-12,47.8568,1440,1.0,complete,31.2765,3.000590746280854,5.525678575310813,True,0.0351455552638241,1,False,zscore_only
2008-01-13,48.0276,1439,0.9993055555555556,partial,32.91497619047619,6.880084873445946,2.1965752003804178,False,0.0335043820179186,1,False,normal
2008-01-14,33.748866666666665,1440,1.0,complete,,,,False,0.1855269315751944,1,False,normal
2008-01-15,44.781866666666666,1440,1.0,complete,,,,False,0.0731616971959531,1,False,normal
2008-01-16,35.59753333333333,1440,1.0,complete,,,,False,0.1700657739867211,1,False,normal
2008-01-17,26.2047,1440,1.0,complete,,,,False,0.2269370023115333,1,False,normal
2008-01-18,36.4498,1440,1.0,complete,,,,False,0.1672767036494853,1,False,normal
2008-01-19,33.0051,1440,1.0,complete,,,,False,0.1877872351745515,1,False,normal
2008-01-20,29.00613333333333,1440,1.0,complete,,,,False,0.2109536042411772,1,False,normal
2008-01-21,30.9833,1440,1.0,complete,34.11342857142857,5.936757246998392,-0.5272455047763921,False,0.2026064059702402,1,False,normal
2008-01-22,38.7503,1440,1.0,complete,33.71834761904762,6.055888270070402,0.8309189596217377,False,0.1241308019648823,1,False,normal
2008-01-23,31.3718,1440,1.0,complete,32.85669523809524,4.430287306435747,-0.3351690613694913,False,0.1974317158397389,1,False,normal
2008-01-24,27.41703333333333,1440,1.0,complete,32.25301904761905,4.27992249751809,-1.1299236649939546,False,0.2292917441187965,1,False,normal
2008-01-25,37.33093333333333,1440,1.0,complete,32.426209523809526,4.010424945236507,1.222993542205427,False,0.1486110357009793,1,False,normal
2008-01-26,47.2498,1440,1.0,complete,32.55208571428572,4.168476361705173,3.52592002697647,True,0.0464205898057282,1,False,zscore_only
2008-01-27,39.6961,1440,1.0,complete,34.58704285714286,6.965239889828394,0.7335077073681397,False,0.1145193171247705,1,False,normal
2008-01-28,38.46993333333333,1440,1.0,complete,36.11418095238095,6.704703060534937,0.3513581973255094,False,0.1288927380580132,1,False,normal
2008-01-29,44.6004,1440,1.0,complete,37.1837,6.336860313015122,1.1704061054915509,False,0.0740443848183372,1,False,normal
2008-01-30,27.3441,1440,1.0,complete,38.01942857142858,6.935403129045952,-1.5392513416732123,False,0.2287663649653069,1,False,normal
2008-01-31,32.56536666666667,1440,1.0,complete,37.44404285714285,7.703387705171661,-0.6333156758033729,False,0.1942249069063241,1,False,normal
2008-02-01,25.57753333333333,1440,1.0,complete,38.179519047619046,6.776518004732594,-1.8596550183272176,False,0.2193996896937566,1,False,normal
2008-02-02,48.9339,1439,0.9993055555555556,partial,36.50046190476191,8.305444937072954,1.4970225182926744,False,0.0228236348028167,1,False,normal
2008-02-03,34.7428,1440,1.0,complete,,,,False,0.1798488000195838,1,False,normal
2008-02-04,27.13563333333333,1440,1.0,complete,,,,False,0.2261831570932895,1,False,normal
2008-02-05,41.2076,1440,1.0,complete,,,,False,0.0974429562286536,1,False,normal
2008-02-06,27.825666666666667,1440,1.0,complete,,,,False,0.227531926001174,1,False,normal
2008-02-07,25.30516666666667,1440,1.0,complete,,,,False,0.2238159097158631,1,False,normal
2008-02-08,32.5094,1440,1.0,complete,,,,False,0.1949410182148881,1,False,normal
2008-02-09,35.037933333333335,1440,1.0,complete,,,,False,0.1800409316622318,1,False,normal
2008-02-10,36.4119,1440,1.0,complete,31.966314285714287,5.593021679036195,0.7948450711265242,False,0.1662271426385081,1,False,normal
2008-02-11,28.200266666666668,1440,1.0,complete,32.20475714285715,5.764080202159817,-0.6947319148491352,False,0.2222655695295985,1,False,normal
2008-02-12,33.12996666666667,1440,1.0,complete,32.35684761904762,5.620286627456062,0.1375586511624209,False,0.1879536820981043,1,False,normal
2008-02-13,31.674966666666663,1440,1.0,complete,31.202900000000007,4.132522640568879,0.1142320823683791,False,0.192062553692152,1,False,normal
2008-02-14,26.7437,1440,1.0,complete,31.752800000000004,3.8550156101907502,-1.2993721703119503,False,0.2290176108819139,1,False,normal
2008-02-15,33.42013333333333,1440,1.0,complete,31.958304761904763,3.4734793768308734,0.420854253858363,False,0.1809544832253477,1,False,normal
2008-02-16,39.1158,1440,1.0,complete,32.088409523809524,3.514377610969874,1.9996116678682985,False,0.1210649804461578,1,False,normal
2008-02-17,32.2228,1440,1.0,complete,32.6709619047619,4.328472694861117,-0.1035381152557514,False,0.19245793364412,1,False,normal
2008-02-18,25.240066666666667,1440,1.0,complete,32.072519047619046,4.002360751451754,-1.7071055822427006,False,0.2253732173535529,1,False,normal
2008-02-19,35.4486,1440,1.0,complete,31.64963333333333,4.592559022544524,0.8272004013487525,False,0.1687363518480651,1,False,normal
2008-02-20,37.56316666666667,1440,1.0,complete,31.980866666666664,4.796219736455985,1.1638957985116978,False,0.1449261367921935,1,False,normal
2008-02-21,27.230833333333333,1440,1.0,complete,32.8220380952381,5.230325920955357,-1.0689973906795265,False,0.2269642627772435,1,False,normal
2008-02-22,28.876066666666667,1440,1.0,complete,32.89162857142857,5.1384065669782935,-0.7814799884788615,False,0.2122746001696095,1,False,normal
2008-02-23,30.566166666666668,1438,0.9986111111111112,partial,32.24247619047619,5.343453326534881,-0.3137127661404266,False,0.1974140827666922,1,False,normal
2008-02-24,21.05013333333333,1440,1.0,complete,,,,False,0.214900646336369,1,False,normal
2008-02-25,8.408133333333334,1440,1.0,complete,,,,False,0.1041898680839236,1,False,normal
2008-02-26,8.452,1440,1.0,complete,,,,False,0.1051560134505263,1,False,normal
2008-02-27,9.445333333333334,1440,1.0,complete,,,,False,0.1016501656013662,1,False,normal
2008-02-28,8.4864,1440,1.0,complete,,,,False,0.1079845480099498,1,False,normal
2008-02-29,22.222466666666666,1440,1.0,complete,,,,False,0.2090713159342064,1,False,normal
2008-03-01,19.031266666666667,1440,1.0,complete,,,,False,0.2074497498365787,1,False,normal
2008-03-02,19.37043333333333,1440,1.0,complete,13.87081904761905,6.528198048547443,0.8424398654599601,False,0.2053004924395691,1,False,normal
2008-03-03,17.3425,1440,1.0,complete,13.630861904761904,6.245056261183271,0.5943322109535073,False,0.1783335460433151,1,False,normal
2008-03-04,27.8165,1440,1.0,complete,14.9072,5.903395312837353,2.186758520461574,False,0.2273423036741704,1,False,normal
2008-03-05,33.953466666666664,1440,1.0,complete,17.673557142857145,6.837540418831447,2.380959895896571,False,0.187936696921334,1,False,normal
2008-03-06,41.72013333333334,1440,1.0,complete,21.17471904761905,8.083281080263124,2.5417171667925595,False,0.0929489414679914,1,False,normal
2008-03-07,31.049266666666668,1440,1.0,complete,25.92239523809524,9.086383600250397,0.5642367364316584,False,0.2038355137768724,1,False,normal
2008-03-08,37.47766666666666,1440,1.0,complete,27.183366666666668,9.099809505250738,1.1312654395743131,False,0.1456927882090201,1,False,normal
2008-03-09,26.00763333333333,1440,1.0,complete,29.818566666666666,9.01614406672007,-0.4226788419896768,False,0.223019989338,1,False,normal
2008-03-10,26.9781,1440,1.0,complete,30.766738095238093,8.029234524591937,-0.4718554531735562,False,0.2279487040858741,1,False,normal
2008-03-11,36.667366666666666,1440,1.0,complete,32.14325238095238,5.883475608756744,0.768952671271512,False,0.1679664802514266,1,False,normal
2008-03-12,29.570533333333334,1440,1.0,complete,33.4076619047619,5.748150647959716,-0.667541407042027,False,0.2119172985079618,1,False,normal
2008-03-13,27.92523333333333,1440,1.0,complete,32.781528571428574,5.915076322522759,-0.8210029716106942,False,0.2272589308167295,1,False,normal
2008-03-14,36.837,1440,1.0,complete,30.81082857142857,4.590354131720427,1.3127900932368533,False,0.1600926191364016,1,False,normal
2008-03-15,26.27166666666667,1440,1.0,complete,31.63764761904762,5.129986801905484,-1.046002876730172,False,0.2256683114365362,1,False,normal
2008-03-16,30.032666666666668,1440,1.0,complete,30.03679047619048,4.737251514824676,-0.0008705067718921,False,0.2104927079073174,1,False,normal
2008-03-17,28.448633333333333,1440,1.0,complete,30.611795238095244,4.398878794244584,-0.4917530138798445,False,0.2104292652805687,1,False,normal
2008-03-18,31.959433333333333,1440,1.0,complete,30.821871428571438,4.228226818674512,0.2690399435852659,False,0.1866105898818204,1,False,normal
2008-03-19,21.807466666666667,1440,1.0,complete,30.149309523809528,3.445414055411512,-2.4211437937454314,False,0.2175022951746462,1,False,normal
2008-03-20,20.8879,1440,1.0,complete,29.0403,4.688057763912208,-1.738971747053898,False,0.2143094358756558,1,False,normal
2008-03-21,34.4407,1440,1.0,complete,28.03496666666667,5.62747278829163,1.13829663408785,False,0.1828918661187936,1,False,normal
2008-03-22,34.22526666666667,1440,1.0,complete,27.6926380952381,5.045592246022414,1.2947198768545816,False,0.1863418826023554,1,False,normal
2008-03-23,38.7665,1440,1.0,complete,28.82886666666667,5.543268821499384,1.7927388429712354,False,0.1244614818761798,1,False,normal
2008-03-24,32.91113333333333,1439,0.9993055555555556,partial,30.076557142857148,6.717852788423612,0.4219467558683041,False,0.1881704194130088,1,False,normal
2008-03-25,33.5976,1440,1.0,complete,,,,False,0.1820685732816143,1,False,normal
2008-03-26,27.224533333333333,1440,1.0,complete,,,,False,0.2271208708364182,1,False,normal
2008-03-27,22.84703333333333,1440,1.0,complete,,,,False,0.209277372352625,1,False,normal
2008-03-28,31.42373333333333,1440,1.0,complete,,,,False,0.1946760956498666,1,False,normal
2008-03-29,41.185833333333335,1440,1.0,complete,,,,False,0.0991184598468883,1,False,normal
2008-03-30,35.7732,1440,1.0,complete,,,,False,0.1695396419719258,1,False,normal
2008-03-31,22.9595,1440,1.0,complete,,,,False,0.2099790589293417,1,False,normal
2008-04-01,35.4842,1440,1.0,complete,30.71591904761905,6.810181776680285,0.7001694093847396,False,0.1684722410632839,1,False,normal
2008-04-02,28.19453333333333,1440,1.0,complete,30.985433333333336,6.978483687576939,-0.3999292862098902,False,0.2221964252656534,1,False,normal
2008-04-03,18.8126,1440,1.0,complete,31.12400476190476,6.900552480066969,-1.784118706069935,False,0.2024455616732265,1,False,normal
2008-04-04,27.198633333333333,1440,1.0,complete,30.547657142857144,7.814974326222925,-0.4285393233201363,False,0.2262897498001402,1,False,normal
2008-04-05,32.84603333333333,1440,1.0,complete,29.94407142857143,7.898746559855246,0.3673952421148556,False,0.1892193985576232,1,False,normal
2008-04-06,28.271966666666668,1440,1.0,complete,28.75267142857143,6.408969206696243,-0.0750050041436474,False,0.2163904938456657,1,False,normal
2008-04-07,25.6473,1440,1.0,complete,27.681066666666663,5.617742963741438,-0.3620255821231389,False,0.2197258005816714,1,False,normal
2008-04-08,44.29193333333333,1440,1.0,complete,28.06503809523809,5.32549203831519,3.0470227204074263,True,0.0753416161227321,1,False,zscore_only
2008-04-09,20.3142,1440,1.0,complete,29.32328571428572,7.824651737767897,-1.1513721014317888,False,0.2127787827207462,1,False,normal
2008-04-10,24.6291,1440,1.0,complete,28.19752380952381,8.54760408253364,-0.4174764969303627,False,0.2183907040878275,1,False,normal
2008-04-11,31.2944,1440,1.0,complete,29.028452380952384,7.726501697065858,0.2932695426583689,False,0.1969535909965772,1,False,normal
2008-04-12,46.6669,1440,1.0,complete,29.613561904761905,7.719917741680058,2.20900515599624,False,0.0596338058306565,1,False,normal
2008-04-13,37.216433333333335,1440,1.0,complete,31.587971428571432,10.08846038393899,0.5579108893288132,False,0.1497032961056091,1,False,normal
2008-04-14,26.493033333333333,1440,1.0,complete,32.86575238095238,10.1646185713512,-0.626951124912886,False,0.2273940792714245,1,False,normal
2008-04-15,27.8401,1440,1.0,complete,32.98657142857143,10.069095762068896,-0.5111155510069343,False,0.2281051665783733,1,False,normal
2008-04-16,24.817733333333333,1440,1.0,complete,30.63630952380953,8.83486445863695,-0.6585925814388655,False,0.2208359946329056,1,False,normal
2008-04-17,23.264366666666668,1440,1.0,complete,31.27967142857143,8.09054450263066,-0.9907002871436608,False,0.2112239720851169,1,False,normal
2008-04-18,31.03983333333333,1440,1.0,complete,31.08470952380953,8.291465503594715,-0.0054123351845025,False,0.2038258069771928,1,False,normal
2008-04-19,37.56183333333333,1440,1.0,complete,31.048342857142863,8.290950761918708,0.7856144202553561,False,0.1449261367921935,1,False,normal
2008-04-20,29.85696666666667,1440,1.0,complete,29.74761904761905,5.760240752744309,0.0189831681940589,False,0.2145412339995721,1,False,normal
2008-04-21,19.4026,1440,1.0,complete,28.69626666666667,4.753483256907858,-1.9551276746711848,False,0.2045582490175083,1,False,normal
2008-04-22,27.12793333333333,1440,1.0,complete,27.68334761904762,5.914806089425274,-0.0939023659131075,False,0.2261831570932895,1,False,normal
2008-04-23,22.62213333333333,1440,1.0,complete,27.58160952380953,5.917784575507634,-0.8380629823874193,False,0.2111264220047355,1,False,normal
2008-04-24,17.3962,1440,1.0,complete,27.26795238095238,6.142607651443838,-1.6070947293259068,False,0.178099818192339,1,False,normal
2008-04-25,21.1289,1440,1.0,complete,26.429642857142856,7.105083028516703,-0.7460493896929825,False,0.214137092870477,1,False,normal
2008-04-26,15.052766666666669,1440,1.0,complete,25.01379523809524,7.020266807619099,-1.418896011276646,False,0.1526978158712638,1,False,normal
2008-04-27,16.804,1440,1.0,complete,21.798214285714288,5.245537475369178,-0.952088190993774,False,0.1725979821837471,1,False,normal
2008-04-28,10.9842,1440,1.0,complete,19.933504761904764,4.097818028533405,-2.183919515115143,False,0.0789333682881769,1,False,normal
2008-04-29,32.876933333333334,1440,1.0,complete,18.73087619047619,5.329738315329756,2.6541748029484467,False,0.1886927308556875,1,False,normal
2008-04-30,18.3621,1440,1.0,complete,19.552161904761903,7.015642706558291,-0.1696297765633679,False,0.1945683136839421,1,False,normal
2008-05-01,9.600233333333334,1440,1.0,complete,18.94358571428572,6.88857052689606,-1.3563557699629782,False,0.0929996086609454,1,False,normal
2008-05-02,24.9628,1440,1.0,complete,17.82987619047619,7.756027895192565,0.9196619591769422,False,0.2179442399842812,1,False,normal
2008-05-03,21.49333333333333,1440,1.0,complete,18.37757619047619,8.153026321686708,0.3821595834382816,False,0.2205778402542791,1,False,normal
2008-05-04,24.516166666666667,1440,1.0,complete,19.297657142857144,8.07835349048935,0.6459867756410111,False,0.2176078938805044,1,False,normal
2008-05-05,22.7822,1440,1.0,complete,20.39939523809524,8.206465932363788,0.2903569918578113,False,0.2091222978341554,1,False,normal
2008-05-06,29.833,1440,1.0,complete,22.08482380952381,7.085474219256311,1.0935296566909862,False,0.2150408990148259,1,False,normal
2008-05-07,19.6044,1440,1.0,complete,21.649976190476192,6.3700422370747445,-0.321124431258962,False,0.1988895937197344,1,False,normal
2008-05-08,35.2783,1440,1.0,complete,21.82744761904762,6.279840867996123,2.1419097495769037,False,0.1656583764688841,1,False,normal
2008-05-09,29.1212,1440,1.0,complete,25.495742857142854,5.3827554726908025,0.6735318297943791,False,0.2093745028639917,1,False,normal
2008-05-10,31.8188,1440,1.0,complete,26.0898,5.541268252177682,1.0338788413191402,False,0.1876552253656242,1,False,normal
2008-05-11,26.848666666666663,1440,1.0,complete,27.564866666666667,5.48782146423633,-0.1305071611143728,False,0.2281613043455016,1,False,normal
2008-05-12,25.4034,1440,1.0,complete,27.898080952380955,5.340696817341492,-0.4671077647172571,False,0.223385850961881,1,False,normal
2008-05-13,24.6149,1440,1.0,complete,28.272538095238097,5.003464183958784,-0.7310211407057867,False,0.2175397793419011,1,False,normal
2008-05-14,26.404366666666668,1440,1.0,complete,27.527095238095235,5.119593127512135,-0.2193003513101746,False,0.2272784125226729,1,False,normal
2008-05-15,19.379466666666666,1440,1.0,complete,28.498519047619048,3.854589749744529,-2.3657647046762285,False,0.205292351751144,1,False,normal
2008-05-16,27.467166666666667,1438,0.9986111111111112,partial,26.227257142857148,3.877895583026547,0.3197377281731289,False,0.2305006072579428,1,False,normal
2008-05-17,27.624233333333333,1440,1.0,complete,,,,False,0.2276534452997288,1,False,normal
2008-05-18,30.065966666666668,1440,1.0,complete,,,,False,0.2090867937250947,1,False,normal
2008-05-19,17.171033333333334,1440,1.0,complete,,,,False,0.175679684652284,1,False,normal
2008-05-20,26.355566666666668,1440,1.0,complete,,,,False,0.2279691848400999,1,False,normal
2008-05-21,22.06853333333333,1440,1.0,complete,,,,False,0.2075332471198759,1,False,normal
2008-05-22,16.281133333333333,1440,1.0,complete,,,,False,0.1676106567350343,1,False,normal
2008-05-23,24.7486,1440,1.0,complete,,,,False,0.2194793588358885,1,False,normal
2008-05-24,26.336266666666667,1440,1.0,complete,23.473580952380956,5.228870940548234,0.5474768352162788,False,0.228818295387789,1,False,normal
2008-05-25,34.141733333333335,1440,1.0,complete,23.28958571428572,5.078986487729556,2.136675820119935,False,0.1889347639702752,1,False,normal
2008-05-26,21.495166666666663,1440,1.0,complete,23.871838095238097,6.113554159177416,-0.38875445717671,False,0.2207238301736049,1,False,normal
2008-05-27,28.47833333333333,1440,1.0,complete,24.48957142857143,5.512559721031257,0.7235770869826889,False,0.2095594655370822,1,False,normal
2008-05-28,18.572866666666663,1440,1.0,complete,24.79282380952381,5.687917564540205,-1.0935385529554436,False,0.2008246931617948,1,False,normal
2008-05-29,18.91793333333333,1440,1.0,complete,24.293442857142857,6.105119112094116,-0.8804921615961189,False,0.2057555402609301,1,False,normal
2008-05-30,23.2874,1440,1.0,complete,24.67012857142857,5.587793692221028,-0.2474551938725862,False,0.2112788872486331,1,False,normal
2008-05-31,27.35783333333333,1440,1.0,complete,24.461385714285715,5.611615862881153,0.5161521547129743,False,0.2274719596829617,1,False,normal
2008-06-01,30.8146,1440,1.0,complete,24.60732380952381,5.681351662618529,1.0925703176091133,False,0.2007087286958158,1,False,normal
2008-06-02,17.9002,1440,1.0,complete,24.13201904761905,4.82546113006048,-1.2914452898185385,False,0.1890450115060438,1,False,normal
2008-06-03,26.630266666666667,1440,1.0,complete,23.618452380952384,5.318940587214446,0.5662432652385735,False,0.2268120769210382,1,False,normal
2008-06-04,26.481866666666665,1440,1.0,complete,23.35444285714286,5.077917044116703,0.6158871408006263,False,0.2269421204890144,1,False,normal
2008-06-05,18.66796666666667,1440,1.0,complete,24.4843,4.702706981405778,-1.2368053881159866,False,0.2035631456188204,1,False,normal
2008-06-06,20.29523333333333,1440,1.0,complete,24.448590476190475,4.752702513724999,-0.8738937753547493,False,0.2109342543865856,1,False,normal
2008-06-07,31.37473333333333,1440,1.0,complete,24.021138095238094,5.002534200650399,1.4699740058027326,False,0.1970734018877365,1,False,normal
2008-06-08,25.705366666666663,1440,1.0,complete,24.594980952380958,5.6389840842273165,0.1969123689126105,False,0.2217364758406572,1,False,normal
2008-06-09,22.094966666666668,1440,1.0,complete,23.86509047619048,4.993478473625427,-0.3544871213269987,False,0.2082403464656848,1,False,normal
2008-06-10,17.784833333333335,1440,1.0,complete,24.46434285714286,4.3712824128036445,-1.52804346482968,False,0.1884125610390503,1,False,normal
2008-06-11,18.7201,1440,1.0,complete,23.200709523809525,4.888692680003877,-0.9165250951724732,False,0.2028576728365836,1,False,normal
2008-06-12,20.988866666666667,1440,1.0,complete,22.09188571428572,4.900668909137182,-0.2250752026039744,False,0.212918742552532,1,False,normal
2008-06-13,31.238,1439,0.9993055555555556,partial,22.423442857142856,4.705019534918844,1.873436885317668,False,0.1960472385081417,1,False,normal
2008-06-14,23.082,1440,1.0,complete,,,,False,0.2099499243577454,1,False,normal
2008-06-15,38.1517,1440,1.0,complete,,,,False,0.1368742802010165,1,False,normal
2008-06-16,21.7174,1440,1.0,complete,,,,False,0.2209492246760772,1,False,normal
2008-06-17,19.08473333333333,1440,1.0,complete,,,,False,0.2077331711202575,1,False,normal
2008-06-18,31.560133333333333,1440,1.0,complete,,,,False,0.1925950931418371,1,False,normal
2008-06-19,26.46803333333333,1440,1.0,complete,,,,False,0.2271844263599246,1,False,normal
2008-06-20,27.935066666666668,1440,1.0,complete,,,,False,0.2271789503162396,1,False,normal
2008-06-21,28.90423333333333,1440,1.0,complete,26.857009523809523,6.481736860130003,0.3158449430609477,False,0.2107319388566044,1,False,normal
2008-06-22,26.10693333333333,1440,1.0,complete,27.688757142857146,6.287226151129721,-0.2515932736473277,False,0.2247218221189906,1,False,normal
2008-06-23,20.863266666666668,1440,1.0,complete,25.96807619047619,4.271593551319186,-1.1950597505310436,False,0.2150162611494854,1,False,normal
2008-06-24,29.240866666666665,1440,1.0,complete,25.846057142857145,4.422775909393183,0.767574390689692,False,0.2097632439723368,1,False,normal
2008-06-25,21.0295,1440,1.0,complete,27.29693333333333,3.377366342614008,-1.855716169801845,False,0.2144613876277665,1,False,normal
2008-06-26,17.60033333333333,1440,1.0,complete,25.79255714285714,3.504840290317749,-2.3374028859903064,False,0.1828224713898302,1,False,normal
2008-06-27,29.25253333333333,1440,1.0,complete,24.52574285714286,4.6390725830315045,1.0189084976768448,False,0.2101113992654519,1,False,normal
2008-06-28,20.14666666666667,1440,1.0,complete,24.71395238095238,4.823502637735679,-0.9468815624883244,False,0.2066883933891534,1,False,normal
2008-06-29,12.4892,1440,1.0,complete,23.462871428571425,4.689390252964966,-2.340106247637012,False,0.1220049273406419,1,False,normal
2008-06-30,13.403266666666669,1440,1.0,complete,21.517480952380957,6.03987966491166,-1.3434397265980902,False,0.1337611286318477,1,False,normal
2008-07-01,20.254,1440,1.0,complete,20.451766666666668,6.78654461380641,-0.0291409955906476,False,0.2140476594608212,1,False,normal
2008-07-02,19.12003333333333,1440,1.0,complete,19.16792857142857,5.591604984737701,-0.0085655618066679,False,0.2076197849884629,1,False,normal
2008-07-03,18.306,1440,1.0,complete,18.895147619047624,5.5319113253068135,-0.1064998306014869,False,0.1956374143105723,1,False,normal
2008-07-04,15.700333333333331,1440,1.0,complete,18.995957142857144,5.510772335892848,-0.5980330176332461,False,0.163742109382583,1,False,normal
2008-07-05,24.4848,1440,1.0,complete,17.059928571428575,3.205152236774261,2.316542516571377,False,0.2180571986774233,1,False,normal
2008-07-06,30.0844,1440,1.0,complete,17.679661904761907,4.17433194248903,2.9716702615272883,False,0.20762046935793,1,False,normal
2008-07-07,16.389833333333332,1440,1.0,complete,20.193261904761904,5.586585431537055,-0.6808145365427846,False,0.1659394348834177,1,False,normal
2008-07-08,18.770233333333334,1440,1.0,complete,20.619914285714287,5.071939610717142,-0.3646890724945796,False,0.2037846521932977,1,False,normal
2008-07-09,15.321966666666668,1440,1.0,complete,20.407947619047626,5.120552473044876,-0.9932484783925348,False,0.1583039021881345,1,False,normal
2008-07-10,20.8546,1440,1.0,complete,19.865366666666667,5.469126471790909,0.1808759293528281,False,0.2143978144245179,1,False,normal
2008-07-11,20.9036,1440,1.0,complete,20.22945238095238,5.432726686816706,0.1240901039037241,False,0.2131484161834259,1,False,normal
2008-07-12,22.14753333333333,1440,1.0,complete,20.972776190476196,5.052407993324067,0.2325143069224395,False,0.207970375506609,1,False,normal
2008-07-13,20.8959,1438,0.9986111111111112,partial,20.638880952380955,4.855002576070421,0.0529390136445765,False,0.2137657494697061,1,False,normal
2008-07-14,18.965433333333333,1440,1.0,complete,,,,False,0.2052534050196287,1,False,normal
2008-07-15,19.264333333333333,1440,1.0,complete,,,,False,0.2075922042508204,1,False,normal
2008-07-16,17.951033333333335,1440,1.0,complete,,,,False,0.1880645939995148,1,False,normal
2008-07-17,21.985366666666668,1440,1.0,complete,,,,False,0.2102204805002072,1,False,normal
2008-07-18,21.0264,1440,1.0,complete,,,,False,0.2147355019505192,1,False,normal
2008-07-19,22.400233333333333,1440,1.0,complete,,,,False,0.2100759736777702,1,False,normal
2008-07-20,15.692233333333332,1440,1.0,complete,,,,False,0.1643309862775511,1,False,normal
2008-07-21,19.27463333333333,1440,1.0,complete,19.612147619047622,2.382923387265387,-0.1416387482358881,False,0.2073702429340377,1,False,normal
2008-07-22,12.337366666666666,1440,1.0,complete,19.656319047619046,2.3717771795799765,-3.08585159009267,True,0.1175052207690392,1,False,zscore_only
2008-07-23,15.7105,1440,1.0,complete,18.66675238095238,3.658567064153623,-0.8080355858219821,False,0.1641213986913121,1,False,normal
2008-07-24,18.224166666666665,1440,1.0,complete,18.34667619047619,3.825805161188329,-0.0320218930781811,False,0.1944647429252344,1,False,normal
2008-07-25,14.425566666666668,1440,1.0,complete,17.809361904761907,3.477899377946589,-0.9729422477119188,False,0.1355657207050469,1,False,normal
2008-07-26,13.594733333333334,1440,1.0,complete,16.866385714285716,3.352884627084449,-0.9757724302602372,False,0.139838686760937,1,False,normal
2008-07-27,19.123266666666662,1440,1.0,complete,15.608457142857146,2.4649057362122786,1.425940745795246,False,0.2076197849884629,1,False,normal
2008-07-28,13.7634,1440,1.0,complete,16.098604761904763,2.802371509092443,-0.833295926085484,False,0.1403959531171196,1,False,normal
2008-07-29,19.442633333333333,1440,1.0,complete,15.311285714285717,2.5214625803332176,1.638472706781811,False,0.2075384473139981,1,False,normal
2008-07-30,21.665133333333333,1440,1.0,complete,16.32632380952381,2.554680787895397,2.089814723274196,False,0.2209937145950224,1,False,normal
2008-07-31,23.21063333333333,1440,1.0,complete,17.176985714285713,3.220161279654123,1.873709760181853,False,0.21006537311632,1,False,normal
2008-08-01,12.326266666666667,1440,1.0,complete,17.889338095238095,3.957541876871973,-1.4056885818649782,False,0.1167206798886278,1,False,normal
2008-08-02,8.4296,1440,1.0,complete,17.589438095238098,4.326147196277768,-2.1173200262624565,False,0.1057492548763,1,False,normal
2008-08-03,8.413033333333333,1440,1.0,complete,16.851561904761905,5.422592188736255,-1.5561798264964466,False,0.1041898680839236,1,False,normal
2008-08-04,18.76533333333333,1439,0.9993055555555556,partial,15.321528571428573,6.138514263644993,0.5610160071306666,False,0.2043548397260164,1,False,normal
2008-08-05,13.7853,1440,1.0,complete,,,,False,0.1394637989223217,1,False,normal
2008-08-06,5.4352,1440,1.0,complete,,,,False,0.0064741784154852,1,False,normal
2008-08-07,5.5814,1440,1.0,complete,,,,False,0.0063416005087166,1,False,normal
2008-08-08,5.036666666666666,1440,1.0,complete,,,,False,0.0041261135948368,1,False,normal
2008-08-09,5.982066666666666,1440,1.0,complete,,,,False,0.0076416719644805,1,False,normal
2008-08-10,5.8672,1440,1.0,complete,,,,False,0.0077883981780254,1,False,normal
2008-08-11,6.1986,1440,1.0,complete,,,,False,0.0097961476891158,1,False,normal
2008-08-12,4.8164,1440,1.0,complete,6.8409190476190505,3.0860038262293066,-0.6560325785767895,False,0.0091490385182245,1,False,normal
2008-08-13,4.709733333333333,1440,1.0,complete,5.559647619047622,0.5038473544765348,-1.6868487611635776,False,0.0140583519882148,1,False,normal
2008-08-14,4.5043,1440,1.0,complete,5.456009523809526,0.5992848570533246,-1.5880753745206733,False,0.0192748102738165,1,False,normal
2008-08-15,4.5609,1440,1.0,complete,5.302138095238098,0.6927177599663407,-1.070043440598541,False,0.0200682782768916,1,False,normal
2008-08-16,4.580233333333333,1440,1.0,complete,5.23417142857143,0.7445098980578541,-0.8783470803329477,False,0.0200682782768916,1,False,normal
2008-08-17,4.579933333333333,1440,1.0,complete,5.033909523809526,0.6968170326064437,-0.6514998474966883,False,0.0202820877369648,1,False,normal
2008-08-18,4.562633333333333,1440,1.0,complete,4.850014285714288,0.6039209406361982,-0.4758585653251466,False,0.0202820877369648,1,False,normal
2008-08-19,4.5782,1440,1.0,complete,4.616304761904764,0.1079246709626502,-0.3530681313631327,False,0.0202820877369648,1,False,normal
2008-08-20,4.4745333333333335,1440,1.0,complete,4.582276190476192,0.0621753842924933,-1.7328860668717598,False,0.0181331920821975,1,False,normal
2008-08-21,4.354966666666667,1440,1.0,complete,4.5486761904761925,0.0421409351096808,-4.596706819755067,True,0.0092722617395871,1,False,zscore_only
2008-08-22,4.452066666666667,1440,1.0,complete,4.527342857142859,0.0846793028894526,-0.8889561900912618,False,0.0157692937211473,1,False,normal
2008-08-23,4.244033333333333,1440,1.0,complete,4.51179523809524,0.0874374346190684,-3.062325718137121,True,0.0,1,False,zscore_only
2008-08-24,4.245266666666667,1440,1.0,complete,4.463766666666669,0.1269759090563997,-1.7207988635304816,False,0.0,1,False,normal
2008-08-25,4.171633333333333,1440,1.0,complete,4.4159571428571445,0.1384344552917181,-1.7649060633709723,False,-0.0019230812673395,-1,True,isolation_only
2008-08-26,4.2927333333333335,1440,1.0,complete,4.360100000000002,0.147944058493943,-0.4553522956748304,False,0.0035206168156246,1,False,normal
2008-08-27,4.3019,1440,1.0,complete,4.319319047619049,0.1130292896406679,-0.1541109182799116,False,0.0039593555523684,1,False,normal
2008-08-28,4.470766666666667,1440,1.0,complete,4.294657142857145,0.0900075957950234,1.9566073535680355,False,0.0181331920821975,1,False,normal
2008-08-29,4.4598,1440,1.0,complete,4.311200000000002,0.1111079555072059,1.3374379838207069,False,0.0174893646728379,1,False,normal
2008-08-30,4.507066666666667,1440,1.0,complete,4.312304761904764,0.1127680993544616,1.7271010673835283,False,0.0194888881132879,1,False,normal
2008-08-31,25.01023333333333,1439,0.9993055555555556,partial,4.349880952380954,0.1288974310220423,160.28521450842035,False,0.2195005790932015,1,False,normal
2008-09-01,20.791833333333333,1440,1.0,complete,,,,False,0.2149646171531474,1,False,normal
2008-09-02,23.069233333333333,1440,1.0,complete,,,,False,0.2101958541661754,1,False,normal
2008-09-03,23.14143333333333,1440,1.0,complete,,,,False,0.2096689074283433,1,False,normal
2008-09-04,20.42033333333333,1440,1.0,complete,,,,False,0.2134090962193468,1,False,normal
2008-09-05,14.566,1440,1.0,complete,,,,False,0.1392783840495863,1,False,normal
2008-09-06,31.1429,1440,1.0,complete,,,,False,0.2001184284174884,1,False,normal
2008-09-07,22.8776,1440,1.0,complete,,,,False,0.2101237404438543,1,False,normal
2008-09-08,21.822066666666668,1440,1.0,complete,22.28704761904762,4.923608555869188,-0.0944390576758323,False,0.2167360278229406,1,False,normal
2008-09-09,19.327566666666662,1440,1.0,complete,22.43422380952381,4.886724243245521,-0.6357340803813928,False,0.2067137911421787,1,False,normal
2008-09-10,21.6794,1440,1.0,complete,21.8997,5.008800830612096,-0.043982583346816,False,0.2207862548257267,1,False,normal
2008-09-11,17.145233333333334,1440,1.0,complete,21.690838095238096,4.97878468966919,-0.9129948461793777,False,0.1770747080290933,1,False,normal
2008-09-12,23.2127,1440,1.0,complete,21.222966666666668,5.263804018993302,0.3780029283297421,False,0.2104245669226771,1,False,normal
2008-09-13,27.1906,1440,1.0,complete,22.45820952380953,4.381948874379032,1.0799739138583866,False,0.2261259393950881,1,False,normal
2008-09-14,26.2721,1440,1.0,complete,21.89359523809524,3.1609334469558736,1.385193594038326,False,0.2256683114365362,1,False,normal
2008-09-15,28.29513333333333,1440,1.0,complete,22.37852380952381,3.570853074531893,1.6569176609388034,False,0.2150103131188116,1,False,normal
2008-09-16,20.364366666666665,1440,1.0,complete,23.303247619047617,4.187616165900328,-0.7018028481961167,False,0.2146016281771595,1,False,normal
2008-09-17,25.320166666666665,1440,1.0,complete,23.451361904761907,4.039269575950023,0.4626590839669873,False,0.2236225299930125,1,False,normal
2008-09-18,25.088166666666663,1440,1.0,complete,23.97147142857143,4.007351100832524,0.2786616919748408,False,0.2223160475946263,1,False,normal
2008-09-19,25.3141,1440,1.0,complete,25.10617619047619,2.6454292190222937,0.0785973814867948,False,0.2240597040397072,1,False,normal
2008-09-20,21.74333333333333,1440,1.0,complete,25.40637619047619,2.510541590434494,-1.4590647974522928,False,0.2196508724027157,1,False,normal
2008-09-21,25.551166666666667,1440,1.0,complete,24.628195238095238,2.7022331404495183,0.3415587703205712,False,0.2198283726496573,1,False,normal
2008-09-22,22.64273333333333,1440,1.0,complete,24.525204761904764,2.642208287162666,-0.7124614049988186,False,0.2106084380436405,1,False,normal
2008-09-23,20.546466666666667,1440,1.0,complete,23.71771904761905,2.1077117446333458,-1.5045949186491094,False,0.2098534360462017,1,False,normal
2008-09-24,28.639166666666668,1440,1.0,complete,23.74373333333333,2.060009104438644,2.376413445350936,False,0.213117983761974,1,False,normal
2008-09-25,18.853666666666665,1440,1.0,complete,24.217876190476197,2.749796064742203,-1.9507663104872577,False,0.2021005085414216,1,False,normal
2008-09-26,23.8575,1440,1.0,complete,23.327233333333336,3.362362656316585,0.1577065655516067,False,0.2053553963748763,1,False,normal
2008-09-27,35.457433333333334,1440,1.0,complete,23.119147619047624,3.262497553786873,3.781852862989679,True,0.1687898337501681,1,False,zscore_only
2008-09-28,28.85173333333333,1440,1.0,complete,25.078304761904764,5.58772008032654,0.6753073735232723,False,0.2113779947777506,1,False,normal
2008-09-29,25.028966666666665,1440,1.0,complete,25.549814285714287,5.7705373863258105,-0.0902598118992958,False,0.2197898289386513,1,False,normal
2008-09-30,22.916766666666668,1440,1.0,complete,25.890704761904765,5.639168507312245,-0.5273717377627261,False,0.2106421132307143,1,False,normal
2008-10-01,31.20606666666667,1440,1.0,complete,26.22931904761905,5.327321688826683,0.934193185571214,False,0.1986554658190097,1,False,normal
2008-10-02,22.422366666666665,1440,1.0,complete,26.59601904761905,5.602105368283812,-0.745014973224427,False,0.2092163606316444,1,False,normal
2008-10-03,26.87633333333333,1440,1.0,complete,27.105833333333333,4.898256269818336,-0.0468534081024129,False,0.2297613699161213,1,False,normal
2008-10-04,35.008266666666664,1440,1.0,complete,27.53709523809524,4.693196847582526,1.5919152064588633,False,0.1818536799351328,1,False,normal
2008-10-05,25.8325,1440,1.0,complete,27.47292857142857,4.568267456877493,-0.3590920599359652,False,0.2223520789083484,1,False,normal
2008-10-06,23.7297,1440,1.0,complete,27.041609523809523,4.558911709060081,-0.7264693275870315,False,0.207422582688025,1,False,normal
2008-10-07,28.77613333333333,1440,1.0,complete,26.856,4.67936806599319,0.4103403079761333,False,0.2105757186427957,1,False,normal
2008-10-08,31.0096,1440,1.0,complete,27.693052380952384,4.371187270569788,0.7587292453419183,False,0.2025907812862713,1,False,normal
2008-10-09,33.061366666666665,1440,1.0,complete,27.66498571428572,4.345426206554838,1.2418530877916654,False,0.1882834308884462,1,False,normal
2008-10-10,25.305633333333333,1440,1.0,complete,29.184842857142858,4.057143622911448,-0.9561430120203052,False,0.2238159097158631,1,False,normal
2008-10-11,27.8231,1440,1.0,complete,28.960457142857145,4.245175574073327,-0.2679175744351672,False,0.2277560871331333,1,False,normal
2008-10-12,31.799,1440,1.0,complete,27.934004761904763,3.3033176184416004,1.1700343970915572,False,0.1883934951750566,1,False,normal
2008-10-13,24.366266666666668,1440,1.0,complete,28.786361904761907,3.4377250414378566,-1.2857617129979944,False,0.2132383517108256,1,False,normal
2008-10-14,26.8176,1440,1.0,complete,28.8773,3.286772603882028,-0.6266633711037016,False,0.2291704760193392,1,False,normal
2008-10-15,35.94826666666667,1440,1.0,complete,28.597509523809528,3.3788902349579217,2.1754945060974085,False,0.1630074078420619,1,False,normal
2008-10-16,26.394666666666662,1440,1.0,complete,29.30303333333333,4.344201087017527,-0.6694825143702973,False,0.2276596206314796,1,False,normal
2008-10-17,31.114766666666668,1440,1.0,complete,28.350647619047617,4.10724473519192,0.6729862050672011,False,0.2005333919141148,1,False,normal
2008-10-18,37.319833333333335,1440,1.0,complete,29.18052380952381,3.974169442729341,2.048052968325298,False,0.1480996947942828,1,False,normal
2008-10-19,32.865566666666666,1440,1.0,complete,30.5372,4.937710412094205,0.4715478374275793,False,0.1890443274552901,1,False,normal
2008-10-20,27.792566666666666,1440,1.0,complete,30.68956666666667,4.999209063590089,-0.5794916682119269,False,0.2277552780194567,1,False,normal
2008-10-21,34.395266666666664,1440,1.0,complete,31.1790380952381,4.409912276587323,0.7293180384797796,False,0.1851139484401418,1,False,normal
2008-10-22,27.4335,1440,1.0,complete,32.261561904761905,4.078458391372717,-1.183795797690335,False,0.2295012691777209,1,False,normal
2008-10-23,30.508233333333333,1440,1.0,complete,31.04516666666667,4.065382418028423,-0.132074495858555,False,0.1986876867871035,1,False,normal
2008-10-24,35.55376666666667,1440,1.0,complete,31.63281904761905,3.5451329344482767,1.1060086297321958,False,0.1690934403341633,1,False,normal
2008-10-25,25.38593333333333,1397,0.9701388888888888,partial,32.26696190476191,3.823137824625793,-1.7998379569541385,False,0.2248883461601413,1,False,normal
2008-10-26,8.724866666666667,1440,1.0,complete,,,,False,0.113984688545934,1,False,normal
2008-10-27,8.731533333333333,1440,1.0,complete,,,,False,0.11377434950661,1,False,normal
2008-10-28,22.1215,1440,1.0,complete,,,,False,0.2073688500806381,1,False,normal
2008-10-29,26.876266666666663,1440,1.0,complete,,,,False,0.2297613699161213,1,False,normal
2008-10-30,18.31,1440,1.0,complete,,,,False,0.1959930331211703,1,False,normal
2008-10-31,21.430533333333333,1440,1.0,complete,,,,False,0.2196880283637947,1,False,normal
2008-11-01,13.841633333333334,1440,1.0,complete,,,,False,0.1367178738035089,1,False,normal
2008-11-02,15.1769,1440,1.0,complete,17.14804761904762,6.973561466468465,-0.282660105388853,False,0.1582385865872847,1,False,normal
2008-11-03,14.126666666666669,1440,1.0,complete,18.06976666666667,6.038375067295287,-0.6530068033296575,False,0.1361643887762071,1,False,normal
2008-11-04,26.0386,1440,1.0,complete,18.8405,4.881240748082475,1.474645560727089,False,0.2234862958258027,1,False,normal
2008-11-05,52.24883333333333,1440,1.0,complete,19.40008571428572,5.504767582938386,5.96732688966921,True,-0.0033386438185754,-1,True,both
2008-11-06,26.473966666666666,1440,1.0,complete,23.024738095238096,13.619807886438489,0.2532508975301359,False,0.2273655647276883,1,False,normal
2008-11-07,26.9864,1440,1.0,complete,24.19101904761905,13.497789601715134,0.2070991647421846,False,0.2277606256857026,1,False,normal
2008-11-08,28.88563333333333,1440,1.0,complete,24.98471428571429,13.471736792054372,0.2895631875705738,False,0.2111874049516817,1,False,normal
2008-11-09,42.97563333333333,1440,1.0,complete,27.133857142857146,12.56744050001334,1.2605411730781115,False,0.0851520727072955,1,False,normal
2008-11-10,34.864666666666665,1434,0.9958333333333332,partial,31.10510476190476,12.551498977670152,0.2995309095312347,False,0.1811582917557883,1,False,normal
2008-11-11,40.9325,1440,1.0,complete,,,,False,0.1026265520871467,1,False,normal
2008-11-12,36.44156666666667,1438,0.9986111111111112,partial,,,,False,0.1670785952773713,1,False,normal
2008-11-13,20.641,1440,1.0,complete,,,,False,0.210557246457843,1,False,normal
2008-11-14,27.028966666666665,1440,1.0,complete,,,,False,0.2276862298922997,1,False,normal
2008-11-15,50.52713333333333,1440,1.0,complete,,,,False,0.0090662164086878,1,False,normal
2008-11-16,39.42386666666667,1440,1.0,complete,,,,False,0.1188006048465699,1,False,normal
2008-11-17,25.393933333333333,1440,1.0,complete,,,,False,0.2245172708560956,1,False,normal
2008-11-18,29.15083333333333,1440,1.0,complete,,,,False,0.2090977704555499,1,False,normal
2008-11-19,30.67063333333333,1440,1.0,complete,,,,False,0.195764265569838,1,False,normal
2008-11-20,28.2056,1440,1.0,complete,31.83376666666667,10.045215841568744,-0.3611835448724478,False,0.220293451250793,1,False,normal
2008-11-21,27.89883333333333,1440,1.0,complete,32.91442380952381,8.992116885602554,-0.5577763879182929,False,0.2300140469846107,1,False,normal
2008-11-22,28.5228,1440,1.0,complete,33.038690476190474,8.902793972674766,-0.5072441853704623,False,0.2090437759975202,1,False,normal
2008-11-23,56.7554,1439,0.9993055555555556,partial,29.895214285714285,4.4895430061445145,5.982832924759627,False,-0.0558117972694427,-1,True,isolation_only
2008-11-24,53.54996666666667,1440,1.0,complete,,,,False,-0.0210626445405592,-1,True,isolation_only
2008-11-25,45.0475,1440,1.0,complete,,,,False,0.0721624748219726,1,False,normal
2008-11-26,25.2659,1440,1.0,complete,,,,False,0.226153664259592,1,False,normal
2008-11-27,39.3703,1440,1.0,complete,,,,False,0.1183696460167428,1,False,normal
2008-11-28,31.43273333333333,1440,1.0,complete,,,,False,0.1949855449482445,1,False,normal
2008-11-29,40.5778,1440,1.0,complete,,,,False,0.1093047383685074,1,False,normal
2008-11-30,40.02313333333333,1440,1.0,complete,,,,False,0.1065757203423287,1,False,normal
2008-12-01,26.9423,1440,1.0,complete,39.32390476190477,9.102213929861987,-1.3602849655383238,False,0.2266437968817842,1,False,normal
2008-12-02,29.890733333333333,1440,1.0,complete,35.52280952380953,7.603582649517419,-0.7407134833779506,False,0.2153491791738247,1,False,normal
2008-12-03,29.25273333333333,1440,1.0,complete,33.35755714285715,6.520086184039408,-0.6295658820541451,False,0.2101113992654519,1,False,normal
2008-12-04,28.9773,1440,1.0,complete,33.927104761904765,5.833425449381525,-0.8485245598586602,False,0.2119456899244789,1,False,normal
2008-12-05,34.3103,1440,1.0,complete,32.44239047619048,5.531947698753669,0.3376585653964787,False,0.185059701072409,1,False,normal
2008-12-06,42.06393333333333,1440,1.0,complete,32.85347142857143,5.551297710860331,1.6591547390338892,False,0.0878097996695791,1,False,normal
2008-12-07,41.11233333333333,1440,1.0,complete,33.06577619047619,5.912603502741824,1.3609160734565997,False,0.1021584804250024,1,False,normal
2008-12-08,31.143933333333333,1440,1.0,complete,33.22137619047619,6.136313564942845,-0.3385490058740518,False,0.1999881608956768,1,False,normal
2008-12-09,33.385733333333334,1440,1.0,complete,33.82160952380953,5.601979942270221,-0.0778075242981953,False,0.1813050130395444,1,False,normal
2008-12-10,35.18366666666667,1370,0.9513888888888888,partial,34.32089523809524,5.343005903339586,0.16147678744509,False,0.1695994990657502,1,False,normal
2008-12-11,23.875366666666668,1440,1.0,complete,,,,False,0.2050909499252511,1,False,normal
2008-12-12,30.2589,1440,1.0,complete,,,,False,0.2030198494476386,1,False,normal
2008-12-13,30.42623333333333,1440,1.0,complete,,,,False,0.201034549604002,1,False,normal
2008-12-14,33.36866666666667,1440,1.0,complete,,,,False,0.1816235059696904,1,False,normal
2008-12-15,29.924166666666668,1440,1.0,complete,,,,False,0.2142868840982084,1,False,normal
2008-12-16,29.9515,1440,1.0,complete,,,,False,0.2128668789885677,1,False,normal
2008-12-17,34.97976666666667,1440,1.0,complete,,,,False,0.1813898083151599,1,False,normal
2008-12-18,28.949,1440,1.0,complete,30.3978,3.4834422095159097,-0.4159104451459628,False,0.2130030154573088,1,False,normal
2008-12-19,31.36853333333333,1440,1.0,complete,31.122604761904764,2.186538703609194,0.1124739164335961,False,0.1974317158397389,1,False,normal
2008-12-20,37.37503333333333,1439,0.9993055555555556,partial,31.28112380952381,2.1534586886211446,2.8298242060596173,False,0.1485613125533257,1,False,normal
2008-12-21,44.06016666666667,1440,1.0,complete,,,,False,0.0749460185191464,1,False,normal
2008-12-22,33.5968,1440,1.0,complete,,,,False,0.1820685732816143,1,False,normal
2008-12-23,29.96813333333333,1440,1.0,complete,,,,False,0.2128933747063827,1,False,normal
2008-12-24,21.160633333333333,1440,1.0,complete,,,,False,0.2144550253989282,1,False,normal
2008-12-25,17.6853,1440,1.0,complete,,,,False,0.1862324061946221,1,False,normal
2008-12-26,20.395533333333333,1440,1.0,complete,,,,False,0.214810409694118,1,False,normal
2008-12-27,49.53606666666667,1440,1.0,complete,,,,False,0.015447232727204,1,False,normal
2008-12-28,26.177366666666668,1440,1.0,complete,30.914661904761907,12.304876726539929,-0.3849933114630514,False,0.2259789474380818,1,False,normal
2008-12-29,9.254633333333333,1440,1.0,complete,28.359976190476196,10.896579620598498,-1.7533339380209558,False,0.1095376523012843,1,False,normal
2008-12-30,19.92063333333333,1440,1.0,complete,24.88252380952381,12.6843326011048,-0.3911826212881158,False,0.2042949281670574,1,False,normal
2008-12-31,32.736466666666665,1440,1.0,complete,23.447166666666668,12.580997199406804,0.7383595952503661,False,0.1899480334288373,1,False,normal
2009-01-01,23.444866666666663,1440,1.0,complete,25.100857142857144,12.98466375932998,-0.1275343364205783,False,0.2111513078913649,1,False,normal
2009-01-02,38.79183333333334,1440,1.0,complete,25.92365238095238,12.613629073007846,1.0201807012002462,False,0.1255946089636496,1,False,normal
2009-01-03,31.8916,1440,1.0,complete,28.55169523809524,13.17387279399574,0.2535248984206825,False,0.1891369186925545,1,False,normal
2009-01-04,32.33323333333333,1440,1.0,complete,26.031057142857147,9.726607417032907,0.6479315880930925,False,0.1940768380357407,1,False,normal
2009-01-05,26.73333333333333,1440,1.0,complete,26.910466666666668,10.01601918225297,-0.0176850034040663,False,0.2280403142543251,1,False,normal
2009-01-06,28.164366666666663,1440,1.0,complete,29.40742380952381,6.4107098185514575,-0.1939031991839593,False,0.2240428005704754,1,False,normal
2009-01-07,34.6712,1440,1.0,complete,30.5851,4.973609543044844,0.8215562489649093,False,0.1811377012023654,1,False,normal
2009-01-08,27.221166666666665,1440,1.0,complete,30.86149047619048,5.163232904041394,-0.705047375777769,False,0.2274878065624078,1,False,normal
2009-01-09,29.8117,1440,1.0,complete,31.400961904761907,4.4000433118839934,-0.3611923320094375,False,0.2144015694001486,1,False,normal
2009-01-10,35.04913333333333,1440,1.0,complete,30.118085714285712,2.9592414728088,1.6663214760799003,False,0.1800409316622318,1,False,normal
2009-01-11,32.93313333333333,1440,1.0,complete,30.569161904761906,3.471028909865451,0.6810578332702681,False,0.1885307400271697,1,False,normal
2009-01-12,26.487966666666665,1440,1.0,complete,30.654861904761905,3.528768709685444,-1.1808354644095331,False,0.2271106941334373,1,False,normal
2009-01-13,36.376666666666665,1440,1.0,complete,30.61980952380953,3.575128914728986,1.6102516245329686,False,0.1644601039362055,1,False,normal
2009-01-14,29.6047,1439,0.9993055555555556,partial,31.79299523809524,3.9616270234742816,-0.5523728571944516,False,0.2115729467947367,1,False,normal
2009-01-15,26.0678,1440,1.0,complete,,,,False,0.2227942384931338,1,False,normal
2009-01-16,46.109233333333336,1440,1.0,complete,,,,False,0.0691608056977562,1,False,normal
2009-01-17,55.297,1440,1.0,complete,,,,False,-0.0354619814751744,-1,True,isolation_only
2009-01-18,52.5699,1440,1.0,complete,,,,False,-0.0080122698529442,-1,True,isolation_only
2009-01-19,28.3311,1440,1.0,complete,,,,False,0.2118490998982817,1,False,normal
2009-01-20,28.967133333333333,1440,1.0,complete,,,,False,0.2134521674138506,1,False,normal
2009-01-21,28.990566666666663,1440,1.0,complete,,,,False,0.2122120366262477,1,False,normal
2009-01-22,20.6226,1440,1.0,complete,38.04753333333333,12.753036485451576,-1.366336037163492,False,0.2104078166710016,1,False,normal
2009-01-23,31.842266666666667,1440,1.0,complete,37.269647619047625,13.73388865323935,-0.3951816626313499,False,0.1875542895056917,1,False,normal
2009-01-24,36.6795,1440,1.0,complete,35.23150952380952,13.25366820527244,0.1092520541305275,False,0.1683475256347825,1,False,normal
2009-01-25,47.3944,1440,1.0,complete,32.57186666666667,10.032573555248987,1.4774407834347008,False,0.0440216956008764,1,False,normal
2009-01-26,27.907866666666667,1440,1.0,complete,31.832509523809524,8.365353221997436,-0.4691544699897024,False,0.2301311575007662,1,False,normal
2009-01-27,23.7505,1440,1.0,complete,31.77204761904762,8.39635010566996,-0.95536126032081,False,0.2056894504720943,1,False,normal
2009-01-28,45.362233333333336,1440,1.0,complete,31.026814285714288,8.903016750785193,1.6101754550057148,False,0.0729173830991598,1,False,normal
2009-01-29,26.2283,1440,1.0,complete,33.36562380952381,10.317056820081149,-0.6917984396123228,False,0.2261138628487625,1,False,normal
2009-01-30,34.3173,1440,1.0,complete,34.1664380952381,9.333787899196958,0.0161629883163386,False,0.1857813004066381,1,False,normal
2009-01-31,55.2142,1440,1.0,complete,34.52001428571429,9.277782178505742,2.2305099770750023,False,-0.035927401174042,-1,True,isolation_only
2009-02-01,30.124333333333333,1402,0.9736111111111112,partial,37.16782857142857,12.185872648935916,-0.5780049932419313,False,0.2039425253854893,1,False,normal
2009-02-02,26.721666666666668,1440,1.0,complete,,,,False,0.2290234102965239,1,False,normal
2009-02-03,31.13983333333333,1440,1.0,complete,,,,False,0.2001184284174884,1,False,normal
2009-02-04,41.0154,1440,1.0,complete,,,,False,0.1014670517008693,1,False,normal
2009-02-05,27.4848,1440,1.0,complete,,,,False,0.2289254381552725,1,False,normal
2009-02-06,34.13993333333333,1440,1.0,complete,,,,False,0.1889347639702752,1,False,normal
2009-02-07,52.19226666666667,1440,1.0,complete,,,,False,-0.0037823219525967,-1,True,isolation_only
2009-02-08,36.3811,1440,1.0,complete,,,,False,0.1644601039362055,1,False,normal
2009-02-09,28.443966666666668,1440,1.0,complete,35.58214285714286,8.868896122106111,-0.8048550904417494,False,0.2104292652805687,1,False,normal
2009-02-10,32.39703333333333,1440,1.0,complete,35.82818571428572,8.60199271428508,-0.3988787825005208,False,0.1954159235281995,1,False,normal
2009-02-11,43.98983333333333,1440,1.0,complete,36.00778571428572,8.50031408667757,0.9390297273318136,False,0.0755361804579892,1,False,normal
2009-02-12,32.811,1440,1.0,complete,36.432704761904766,8.859129259433104,-0.408810466113068,False,0.1888817512292399,1,False,normal
2009-02-13,28.16703333333333,1440,1.0,complete,37.19359047619048,8.163987421137211,-1.1056554447262716,False,0.2241876185156817,1,False,normal
2009-02-14,38.87656666666667,1438,0.9986111111111112,partial,36.34031904761905,8.82195698873317,0.2874926302958348,False,0.1236251868465401,1,False,normal
2009-02-15,26.433866666666667,1440,1.0,complete,,,,False,0.2273080620900503,1,False,normal
2009-02-16,21.98323333333333,1440,1.0,complete,,,,False,0.2100709367684743,1,False,normal
2009-02-17,13.0283,1416,0.9833333333333332,partial,,,,False,0.1268547037572437,1,False,normal
2009-02-18,13.774166666666666,1440,1.0,complete,,,,False,0.1401773965411495,1,False,normal
2009-02-19,12.2878,1440,1.0,complete,,,,False,0.1166437586670545,1,False,normal
2009-02-20,31.3456,1440,1.0,complete,,,,False,0.1986437350820321,1,False,normal
2009-02-21,21.9364,1440,1.0,complete,,,,False,0.2137820683701219,1,False,normal
2009-02-22,37.307966666666665,1440,1.0,complete,,,,False,0.1490822819732189,1,False,normal
2009-02-23,45.56093333333333,1440,1.0,complete,,,,False,0.0714034787471805,1,False,normal
2009-02-24,29.719066666666667,1440,1.0,complete,,,,False,0.2140038446028771,1,False,normal
2009-02-25,19.4974,1440,1.0,complete,27.41884761904762,12.19852104265492,-0.649377706637425,False,0.2025069457515053,1,False,normal
2009-02-26,19.280866666666668,1440,1.0,complete,28.236452380952382,11.28949485901821,-0.7932671767977169,False,0.2071885142161348,1,False,normal
2009-02-27,33.8153,1440,1.0,complete,29.235461904761905,9.862158549624732,0.4643849591540346,False,0.1860747198421318,1,False,normal
2009-02-28,27.179166666666667,1440,1.0,complete,29.58827619047619,9.99353054317148,-0.2410669095773818,False,0.2264142257194523,1,False,normal
2009-03-01,41.1271,1439,0.9993055555555556,partial,30.337242857142854,9.509204823859674,1.1346750167568338,False,0.1004543241182448,1,False,normal
2009-03-02,24.624033333333333,1440,1.0,complete,,,,False,0.2178337646167442,1,False,normal
2009-03-03,30.815866666666665,1440,1.0,complete,,,,False,0.2007087286958158,1,False,normal
2009-03-04,30.702166666666667,1440,1.0,complete,,,,False,0.1965169875030095,1,False,normal
2009-03-05,24.0302,1440,1.0,complete,,,,False,0.2047277186561375,1,False,normal
2009-03-06,29.724566666666668,1440,1.0,complete,,,,False,0.2137072671797578,1,False,normal
2009-03-07,28.27443333333333,1440,1.0,complete,,,,False,0.2163904938456657,1,False,normal
2009-03-08,39.2861,1440,1.0,complete,,,,False,0.1220665975866197,1,False,normal
2009-03-09,28.0926,1440,1.0,complete,29.63676666666667,5.067210507399116,-0.3047370272878706,False,0.2219090189648448,1,False,normal
2009-03-10,30.6035,1440,1.0,complete,30.132276190476198,4.647543820195203,0.1013920100066994,False,0.1964370795872441,1,False,normal
2009-03-11,40.0984,1440,1.0,complete,30.101938095238097,4.643028726007283,2.153004535330161,False,0.1056478025033547,1,False,normal
2009-03-12,31.45433333333333,1440,1.0,complete,31.444257142857143,6.004200304777804,0.001678190260936,False,0.1949364179522438,1,False,normal
2009-03-13,24.092,1440,1.0,complete,32.504847619047624,5.057344838683061,-1.6634909992094469,False,0.2030922808134891,1,False,normal
2009-03-14,35.81713333333333,1440,1.0,complete,31.70019523809524,5.943823203013104,0.692641411869568,False,0.166143817409628,1,False,normal
2009-03-15,32.3677,1440,1.0,complete,32.77772380952381,5.90282510763917,-0.0694623001777877,False,0.1953158422645968,1,False,normal
2009-03-16,22.24553333333333,1439,0.9993055555555556,partial,31.789380952380952,5.164485666114522,-1.847976398050088,False,0.21066519977585,1,False,normal
2009-03-17,32.1985,1440,1.0,complete,,,,False,0.1918999233319832,1,False,normal
2009-03-18,24.178,1440,1.0,complete,,,,False,0.2072851713947319,1,False,normal
2009-03-19,19.858866666666668,1440,1.0,complete,,,,False,0.2031950921736372,1,False,normal
2009-03-20,24.398433333333333,1440,1.0,complete,,,,False,0.2142045944201557,1,False,normal
2009-03-21,32.167033333333336,1440,1.0,complete,,,,False,0.1916174462873628,1,False,normal
2009-03-22,28.152833333333334,1440,1.0,complete,,,,False,0.2217816670821822,1,False,normal
2009-03-23,21.6075,1440,1.0,complete,,,,False,0.2212283030284424,1,False,normal
2009-03-24,27.6952,1440,1.0,complete,26.080166666666667,4.89788528414727,0.3297409472942592,False,0.2291222457389671,1,False,normal
2009-03-25,30.64623333333333,1440,1.0,complete,25.436838095238095,4.207392499602811,1.238152903154867,False,0.1957783074383332,1,False,normal
2009-03-26,20.1834,1440,1.0,complete,26.360871428571432,4.578740220904524,-1.3491639906469912,False,0.2106677132780604,1,False,normal
2009-03-27,28.56543333333333,1440,1.0,complete,26.40723333333333,4.502947431158561,0.4792860749530702,False,0.2138099008167833,1,False,normal
2009-03-28,37.68293333333333,1440,1.0,complete,27.00251904761905,4.468430142589907,2.390193858893787,False,0.1442962430071034,1,False,normal
2009-03-29,36.94416666666667,1440,1.0,complete,27.79050476190476,5.814547829094287,1.5742689154536964,False,0.1580790922717764,1,False,normal
2009-03-30,24.6242,1440,1.0,complete,29.04640952380953,6.775826709919375,-0.6526450148637505,False,0.2178337646167442,1,False,normal
2009-03-31,30.391366666666663,1440,1.0,complete,29.477366666666672,6.303298863469977,0.1450034370568988,False,0.2022738691110392,1,False,normal
2009-04-01,27.35233333333333,1440,1.0,complete,29.862533333333328,6.258464452480548,-0.4010888004652767,False,0.2282895193698467,1,False,normal
2009-04-02,27.405566666666665,1440,1.0,complete,29.39197619047619,6.313308878801443,-0.3146384189247265,False,0.2292459810379583,1,False,normal
2009-04-03,22.721,1440,1.0,complete,30.423714285714286,5.014043226366591,-1.5362281372464417,False,0.2095471283653388,1,False,normal
2009-04-04,36.52053333333333,1440,1.0,complete,29.58879523809524,5.800039474176901,1.195119123947307,False,0.1679824437632621,1,False,normal
2009-04-05,22.9286,1440,1.0,complete,29.422738095238092,5.540512071782339,-1.1721187520396437,False,0.2099555527172594,1,False,normal
2009-04-06,24.210566666666665,1440,1.0,complete,27.420514285714287,4.860097472725338,-0.6604698027275611,False,0.2087780984801789,1,False,normal
2009-04-07,24.00153333333333,1440,1.0,complete,27.36142380952381,4.902095351450099,-0.6853988417823376,False,0.2040458940354209,1,False,normal
2009-04-08,25.576666666666668,1440,1.0,complete,26.448590476190475,4.838365606303872,-0.1802104017083338,False,0.2193996896937566,1,False,normal
2009-04-09,31.50786666666667,1440,1.0,complete,26.19492380952381,4.829626675960899,1.100073196876195,False,0.1941394886265731,1,False,normal
2009-04-10,30.7019,1440,1.0,complete,26.78096666666667,5.233057503948272,0.7492624207502087,False,0.1963628071891435,1,False,normal
2009-04-11,41.04076666666667,1440,1.0,complete,27.92109523809524,5.067880585808062,2.588788588529761,False,0.1016070430114685,1,False,normal
2009-04-12,35.68353333333333,1440,1.0,complete,28.566842857142863,6.446665736634239,1.1039335319882806,False,0.1703519281827148,1,False,normal
2009-04-13,26.643733333333333,1438,0.9986111111111112,partial,30.388976190476196,6.389748382448636,-0.5861330733194899,False,0.2273238406727616,1,False,normal
2009-04-14,25.02563333333333,1440,1.0,complete,,,,False,0.2198760693586464,1,False,normal
2009-04-15,20.2677,1440,1.0,complete,,,,False,0.2135690436710284,1,False,normal
2009-04-16,26.0754,1440,1.0,complete,,,,False,0.22316326865074,1,False,normal
2009-04-17,34.04683333333333,1440,1.0,complete,,,,False,0.188846067086449,1,False,normal
2009-04-18,25.20443333333333,1440,1.0,complete,,,,False,0.2254059056107854,1,False,normal
2009-04-19,21.441133333333333,1440,1.0,complete,,,,False,0.219083876938841,1,False,normal
2009-04-20,24.775166666666667,1440,1.0,complete,,,,False,0.2191620455726312,1,False,normal
2009-04-21,31.576633333333334,1440,1.0,complete,25.26232857142857,4.428565604682099,1.425812627734128,False,0.1923230950254325,1,False,normal
2009-04-22,24.936633333333333,1440,1.0,complete,26.19818571428572,5.022562090830053,-0.2511770602608713,False,0.2192349893300344,1,False,normal
2009-04-23,19.02433333333333,1440,1.0,complete,26.865176190476195,4.371565304569538,-1.7936007610241889,False,0.2062325098386401,1,False,normal
2009-04-24,19.9008,1440,1.0,complete,25.857880952380956,5.298050957274079,-1.124391026138026,False,0.204044214750672,1,False,normal
2009-04-25,33.70473333333333,1440,1.0,complete,23.837019047619048,4.247680861052803,2.323082785289225,False,0.1882330679938522,1,False,normal
2009-04-26,29.693766666666665,1440,1.0,complete,25.051347619047625,5.677977374971444,0.8176184477386002,False,0.2127559985180728,1,False,normal
2009-04-27,22.52713333333333,1440,1.0,complete,26.23029523809524,5.660175901710709,-0.6542485550038607,False,0.2099110495311845,1,False,normal
2009-04-28,28.439766666666667,1440,1.0,complete,25.90914761904762,5.818069637070246,0.4349585353009575,False,0.2115831680176437,1,False,normal
2009-04-29,27.744666666666667,1440,1.0,complete,25.46102380952381,5.415680006744259,0.4216724131224494,False,0.2271657658883362,1,False,normal
2009-04-30,30.579366666666665,1440,1.0,complete,25.86217142857143,5.474046995509574,0.8617381695781582,False,0.1974320658015984,1,False,normal
2009-05-01,25.213366666666666,1440,1.0,complete,27.51289047619048,4.764677857818177,-0.4826189467878949,False,0.2251170452764516,1,False,normal
2009-05-02,23.23183333333333,1440,1.0,complete,28.27182857142857,3.640625166980908,-1.3843763109166232,False,0.2113608889810947,1,False,normal
2009-05-03,26.814633333333333,1440,1.0,complete,26.7757,3.1554503791352744,0.0123384394160563,False,0.2291704760193392,1,False,normal
2009-05-04,27.798033333333333,1440,1.0,complete,26.36439523809524,2.888004041268073,0.4964113881948063,False,0.2277395360902648,1,False,normal
2009-05-05,28.8579,1440,1.0,complete,27.11738095238095,2.3595631981095093,0.7376445983788692,False,0.2118027285837775,1,False,normal
2009-05-06,22.498366666666666,1440,1.0,complete,27.17711428571429,2.4035028949166617,-1.946636980942704,False,0.2084648003729019,1,False,normal
2009-05-07,16.877466666666667,1440,1.0,complete,26.42764285714286,2.9523315254541185,-3.234791251638725,True,0.1721953655478332,1,False,zscore_only
2009-05-08,30.9526,1440,1.0,complete,24.47022857142857,4.071165445223363,1.5922643075527905,False,0.202687975559121,1,False,normal
2009-05-09,21.02253333333333,1440,1.0,complete,25.290119047619047,4.764620846283129,-0.8956821228733973,False,0.214914148711323,1,False,normal
2009-05-10,32.775866666666666,1439,0.9993055555555556,partial,24.97450476190476,4.991461575509536,1.5629413923647262,False,0.1893672943843612,1,False,normal
2009-05-11,25.286266666666663,1440,1.0,complete,,,,False,0.2251303630052848,1,False,normal
2009-05-12,27.099266666666665,1440,1.0,complete,,,,False,0.2262414743712387,1,False,normal
2009-05-13,20.7733,1440,1.0,complete,,,,False,0.2128628006584241,1,False,normal
2009-05-14,26.783066666666667,1440,1.0,complete,,,,False,0.2308710217099714,1,False,normal
2009-05-15,23.703766666666667,1440,1.0,complete,,,,False,0.2078802089251571,1,False,normal
2009-05-16,33.4563,1440,1.0,complete,,,,False,0.1812713278666768,1,False,normal
2009-05-17,25.7294,1440,1.0,complete,,,,False,0.2219300820554004,1,False,normal
2009-05-18,20.1651,1440,1.0,complete,26.118766666666662,3.8835759228948583,-1.5330372792683142,False,0.2095280572841047,1,False,normal
2009-05-19,26.95573333333333,1440,1.0,complete,25.387171428571428,4.499989649511881,0.3485701139183836,False,0.2275465257539115,1,False,normal
2009-05-20,21.78603333333333,1440,1.0,complete,25.366666666666667,4.491206487909103,-0.7972542217715568,False,0.2188324347493618,1,False,normal
2009-05-21,26.2525,1440,1.0,complete,25.51134285714286,4.332070591047644,0.1710861185846704,False,0.2263895003539067,1,False,normal
2009-05-22,17.913433333333334,1440,1.0,complete,25.435547619047615,4.310700478089231,-1.7449865338471744,False,0.1881759459735801,1,False,normal
2009-05-23,25.509966666666667,1440,1.0,complete,24.60835714285714,5.168595249901212,0.174439955194162,False,0.2212115394968826,1,False,normal
2009-05-24,21.4631,1440,1.0,complete,23.473166666666668,3.506956566438868,-0.5731655435663936,False,0.2209514344321858,1,False,normal
2009-05-25,22.568266666666663,1440,1.0,complete,22.86369523809524,3.4191143431113344,-0.0864049990091113,False,0.2100541119773766,1,False,normal
2009-05-26,22.294566666666668,1437,0.9979166666666668,partial,23.20700476190476,3.2177085305487108,-0.283567665180194,False,0.2107578810498667,1,False,normal
2009-05-27,25.7382,1440,1.0,complete,,,,False,0.2221950072012309,1,False,normal
2009-05-28,19.662266666666667,1440,1.0,complete,,,,False,0.2009170417094516,1,False,normal
2009-05-29,20.7141,1440,1.0,complete,,,,False,0.2124897408344473,1,False,normal
2009-05-30,27.651766666666667,1440,1.0,complete,,,,False,0.2274736106192895,1,False,normal
2009-05-31,15.948166666666667,1440,1.0,complete,,,,False,0.1624933577975698,1,False,normal
2009-06-01,24.05433333333333,1440,1.0,complete,,,,False,0.2041304416146617,1,False,normal
2009-06-02,18.1773,1440,1.0,complete,,,,False,0.1930389326821758,1,False,normal
2009-06-03,22.60963333333333,1440,1.0,complete,21.70659047619048,4.240489850447215,0.2129572028211825,False,0.2111085717602428,1,False,normal
2009-06-04,17.261,1440,1.0,complete,21.25965238095238,3.895592818665189,-1.0264554246515185,False,0.1773417311051367,1,False,normal
2009-06-05,20.506,1440,1.0,complete,20.916614285714285,4.156675639919774,-0.0987842981470187,False,0.2124530403965928,1,False,normal
2009-06-06,24.59083333333333,1440,1.0,complete,20.886885714285714,4.159108874767422,0.8905627937558475,False,0.2177518830728932,1,False,normal
2009-06-07,20.1232,1440,1.0,complete,20.449609523809524,3.4255476494149817,-0.095286814610583,False,0.205813940991007,1,False,normal
2009-06-08,19.646266666666666,1440,1.0,complete,21.04604285714285,2.8213379368604645,-0.4961391445485028,False,0.2001452344419639,1,False,normal
2009-06-09,22.214166666666667,1440,1.0,complete,20.41631904761905,2.513078582937863,0.7153964986426644,False,0.2091994657390352,1,False,normal
2009-06-10,26.7166,1440,1.0,complete,20.993014285714285,2.372916340931136,2.4120469885759945,False,0.2287822814083397,1,False,normal
2009-06-11,21.6775,1440,1.0,complete,21.57972380952381,3.202102736033966,0.03053499482571,False,0.2213330350562269,1,False,normal
2009-06-12,18.3622,1440,1.0,complete,22.210652380952386,2.584971321486924,-1.488779526860932,False,0.1945683136839421,1,False,normal
2009-06-13,0.2369666666666666,30,0.0208333333333333,partial,21.90439523809524,2.925196640774013,-7.40716992129983,False,-0.0730711206480405,-1,True,isolation_only
2009-06-15,12.865133333333333,985,0.6840277777777778,partial,,,,False,0.1253167154210009,1,False,normal
2009-06-16,25.14653333333333,1440,1.0,complete,,,,False,0.2246110908298283,1,False,normal
2009-06-17,16.466933333333333,1440,1.0,complete,,,,False,0.1713984341773609,1,False,normal
2009-06-18,19.42833333333333,1440,1.0,complete,,,,False,0.2072790910065188,1,False,normal
2009-06-19,18.11443333333333,1440,1.0,complete,,,,False,0.1913160051124205,1,False,normal
2009-06-20,18.451666666666668,1440,1.0,complete,,,,False,0.196972837294822,1,False,normal
2009-06-21,14.252366666666669,1440,1.0,complete,,,,False,0.135615540814996,1,False,normal
2009-06-22,18.234966666666665,1440,1.0,complete,,,,False,0.1958439185147774,1,False,normal
2009-06-23,17.320233333333334,1440,1.0,complete,18.58503333333333,3.351233178332328,-0.3774133080854143,False,0.1767225797812515,1,False,normal
2009-06-24,25.581233333333333,1440,1.0,complete,17.466990476190478,1.6921820661735043,4.795135830443718,True,0.2195460781059481,1,False,zscore_only
2009-06-25,12.856033333333333,1440,1.0,complete,18.769033333333336,3.4194174580214782,-1.729241916961302,False,0.1237602101819348,1,False,normal
2009-06-26,21.2887,1440,1.0,complete,17.830133333333336,4.052008854739677,0.8535437089731779,False,0.2178552714528134,1,False,normal
2009-06-27,28.4842,1440,1.0,complete,18.283600000000003,4.261339525835075,2.3937543437121533,False,0.2098011430569731,1,False,normal
2009-06-28,17.656566666666667,1440,1.0,complete,19.71681904761905,5.753249276322249,-0.3581024012693912,False,0.1853562000172079,1,False,normal
2009-06-29,16.835566666666665,1440,1.0,complete,20.203133333333337,5.343659051796969,-0.6301986399252446,False,0.1720878821635473,1,False,normal
2009-06-30,19.8741,1440,1.0,complete,20.003219047619048,5.454588550727241,-0.0236716383680001,False,0.2037001658621843,1,False,normal
2009-07-01,20.3057,1440,1.0,complete,20.368057142857143,5.329192075752606,-0.01170104998483,False,0.2121679042711471,1,False,normal
2009-07-02,20.709633333333333,1440,1.0,complete,19.614409523809524,4.817546373518902,0.2273405847308574,False,0.2124588899807674,1,False,normal
2009-07-03,14.402466666666667,1440,1.0,complete,20.736352380952383,3.785170502635381,-1.6733422470337391,False,0.1369014331852339,1,False,normal
2009-07-04,20.6428,1440,1.0,complete,19.752604761904763,4.453534160409724,0.1998851262911027,False,0.210557246457843,1,False,normal
2009-07-05,23.512266666666665,1440,1.0,complete,18.632404761904763,2.4073344521696662,2.027080990081712,False,0.2085898155308995,1,False,normal
2009-07-06,15.904333333333334,1440,1.0,complete,19.46893333333333,2.96462158499564,-1.2023794261098728,False,0.1606109932499975,1,False,normal
2009-07-07,18.502266666666667,1440,1.0,complete,19.3359,3.119341675679255,-0.2672465603344995,False,0.1989277825729744,1,False,normal
2009-07-08,20.57333333333333,1440,1.0,complete,19.13992380952381,3.122984511691403,0.4589870742052407,False,0.2084401571739526,1,False,normal
2009-07-09,14.1042,1440,1.0,complete,19.178157142857145,3.141220298541332,-1.6152821708217364,False,0.1356544192119562,1,False,normal
2009-07-10,19.7853,1436,0.9972222222222222,partial,18.23452380952381,3.5676814243735326,0.4346733931683648,False,0.2013052729721759,1,False,normal
2009-07-11,16.566133333333333,1440,1.0,complete,,,,False,0.1713559437124201,1,False,normal
2009-07-12,8.557966666666667,1440,1.0,complete,,,,False,0.1120512247504402,1,False,normal
2009-07-13,8.2791,1440,1.0,complete,,,,False,0.0902545878955368,1,False,normal
2009-07-14,15.1905,1440,1.0,complete,,,,False,0.1594488311811489,1,False,normal
2009-07-15,11.9679,1440,1.0,complete,,,,False,0.1042409126204412,1,False,normal
2009-07-16,9.992566666666669,1440,1.0,complete,,,,False,0.0752968310195324,1,False,normal
2009-07-17,12.1968,1440,1.0,complete,,,,False,0.1104921600940896,1,False,normal
2009-07-18,16.106833333333334,1440,1.0,complete,11.82156666666667,3.1772166593372835,1.348748645791283,False,0.1657484625399655,1,False,normal
2009-07-19,20.06073333333333,1440,1.0,complete,11.755952380952383,3.065689022900443,2.708944348348747,False,0.2042216344970173,1,False,normal
2009-07-20,11.041433333333334,1440,1.0,complete,13.399204761904766,4.004810033707543,-0.5887348984662506,False,0.079559631191539,1,False,normal
2009-07-21,13.5627,1440,1.0,complete,13.793823809523811,3.5233640275502145,-0.0655974823255811,False,0.1388094773834514,1,False,normal
2009-07-22,12.325533333333333,1440,1.0,complete,13.561280952380956,3.4691196048190145,-0.3562136103151426,False,0.1167206798886278,1,False,normal
2009-07-23,17.166666666666668,1440,1.0,complete,13.612371428571432,3.444287121609435,1.0319392990774812,False,0.175679684652284,1,False,normal
2009-07-24,9.3623,1440,1.0,complete,14.637242857142857,3.249517417146514,-1.6233003797145122,False,0.104771870281648,1,False,normal
2009-07-25,8.9448,1440,1.0,complete,14.232314285714288,3.74338686747398,-1.4124947468446605,False,0.1176561461408565,1,False,normal
2009-07-26,9.050266666666667,1440,1.0,complete,13.20916666666667,4.1067797552069605,-1.012691268560716,False,0.1190780736973795,1,False,normal
2009-07-27,11.4761,1440,1.0,complete,11.63624285714286,3.006318290836836,-0.0532687632014776,False,0.0881931206291988,1,False,normal
2009-07-28,15.0475,1440,1.0,complete,11.698338095238098,2.996457759584398,1.1177070305928234,False,0.1513066287343591,1,False,normal
2009-07-29,15.033333333333331,1440,1.0,complete,11.910452380952384,3.1963168254204097,0.9770248454547984,False,0.1514760486672264,1,False,normal
2009-07-30,13.205433333333334,1440,1.0,complete,12.297280952380955,3.4115315800676576,0.2662007839113621,False,0.1311403111201077,1,False,normal
2009-07-31,16.263833333333334,1440,1.0,complete,11.73139047619048,2.729575230264218,1.6604938405394754,False,0.1662249749020732,1,False,normal
2009-08-01,11.782766666666667,1440,1.0,complete,12.717323809523814,2.967307489697128,-0.3149512297266288,False,0.1012225599201003,1,False,normal
2009-08-02,8.162066666666666,1440,1.0,complete,13.12274761904762,2.527197536568114,-1.9629177698224036,False,0.0743548096796515,1,False,normal
2009-08-03,8.3383,1440,1.0,complete,12.995861904761906,2.775815761339257,-1.677907435223567,False,0.0972962994843784,1,False,normal
2009-08-04,8.481533333333333,1440,1.0,complete,12.547604761904765,3.271278655002846,-1.242960890033959,False,0.1074592929946003,1,False,normal
2009-08-05,8.6442,1440,1.0,complete,11.609609523809524,3.374714788591568,-0.8787141164741611,False,0.1125513544113232,1,False,normal
2009-08-06,8.877866666666666,1440,1.0,complete,10.69687619047619,3.1509890876143287,-0.5772820765897131,False,0.1190282069730093,1,False,normal
2009-08-07,8.988266666666666,1440,1.0,complete,10.078652380952382,2.9975802835977223,-0.3637552996502318,False,0.1180683308126469,1,False,normal
2009-08-08,8.774533333333332,1440,1.0,complete,9.039285714285716,1.243879780998464,-0.2128440264057245,False,0.1153253222783534,1,False,normal
2009-08-09,16.637233333333334,1440,1.0,complete,8.609538095238097,0.2983416475742635,26.90772576797872,True,0.1714537047148778,1,False,zscore_only
2009-08-10,17.822633333333332,1440,1.0,complete,9.820276190476193,3.014313062749886,2.6547863397960327,False,0.1880949476454268,1,False,normal
2009-08-11,15.849233333333332,1440,1.0,complete,11.175180952380954,4.153464366394644,1.125338264310095,False,0.1615075638066749,1,False,normal
2009-08-12,13.7406,1440,1.0,complete,12.227709523809525,4.288432325571347,0.3527840388594482,False,0.1412811228041778,1,False,normal
2009-08-13,10.114033333333332,549,0.38125,partial,12.955766666666667,4.001681678346589,-0.7101347787631824,False,0.0771657542133862,1,False,normal
2009-08-14,12.477933333333333,1440,1.0,complete,,,,False,0.1214078532339918,1,False,normal
2009-08-15,25.234366666666663,1440,1.0,complete,,,,False,0.2255817549950386,1,False,normal
2009-08-16,20.2952,1440,1.0,complete,,,,False,0.2109342543865856,1,False,normal
2009-08-17,13.098466666666669,1440,1.0,complete,,,,False,0.1293498101420943,1,False,normal
2009-08-18,18.009966666666667,1440,1.0,complete,,,,False,0.1898745411450963,1,False,normal
2009-08-19,14.679033333333331,1440,1.0,complete,,,,False,0.1372661520344582,1,False,normal
2009-08-20,12.9287,1440,1.0,complete,,,,False,0.12473796423724,1,False,normal
2009-08-21,19.36243333333333,1440,1.0,complete,16.674809523809525,4.77102971825649,0.5633215402619541,False,0.2053318455046187,1,False,normal
2009-08-22,25.8123,1440,1.0,complete,17.658309523809525,4.461221687465082,1.8277483271232968,False,0.2222066399076089,1,False,normal
2009-08-23,17.778466666666667,1440,1.0,complete,17.74087142857143,4.627061653025522,0.0081250782709266,False,0.1885553513902881,1,False,normal
2009-08-24,20.8709,1440,1.0,complete,17.3813380952381,4.4912909553205,0.7769618890150222,False,0.2150009623844823,1,False,normal
2009-08-25,15.726833333333332,1440,1.0,complete,18.491685714285715,4.207812544139001,-0.6570759395647282,False,0.163756792423515,1,False,normal
2009-08-26,18.942433333333334,1440,1.0,complete,18.16552380952381,4.3378528246602,0.1791000191138066,False,0.205421722309712,1,False,normal
2009-08-27,12.4911,1440,1.0,complete,18.77458095238095,4.056951259160765,-1.5488184478905411,False,0.1213396830183523,1,False,normal
2009-08-28,18.647366666666667,1440,1.0,complete,18.712066666666665,4.164003955196087,-0.015537929525562,False,0.2035055034768361,1,False,normal
2009-08-29,23.14023333333333,1440,1.0,complete,18.60991428571429,4.154149274313598,1.0905527819212997,False,0.2096689074283433,1,False,normal
2009-08-30,27.8057,1440,1.0,complete,18.22819047619048,3.4441055052619154,2.7808409205748705,False,0.2270486787752449,1,False,normal
2009-08-31,21.092033333333333,1440,1.0,complete,19.66065238095238,4.972155531924815,0.2878793600060289,False,0.2147899695579989,1,False,normal
2009-09-01,16.342266666666667,1440,1.0,complete,19.692242857142865,4.981819450529264,-0.6724403049412592,False,0.1672777177380582,1,False,normal
2009-09-02,20.380233333333333,1440,1.0,complete,19.780161904761908,4.905012906859142,0.1223383995039623,False,0.2152763728093488,1,False,normal
2009-09-03,20.85313333333333,1440,1.0,complete,19.98556190476191,4.894178210532873,0.1772660069272303,False,0.2143978144245179,1,False,normal
2009-09-04,17.073133333333335,1440,1.0,complete,21.1801380952381,3.612813242624693,-1.1367885595218434,False,0.1762900519661925,1,False,normal
2009-09-05,25.2311,1440,1.0,complete,20.95524761904762,3.8386856274307073,1.1138844896278413,False,0.2253353784111167,1,False,normal
2009-09-06,20.477166666666665,1440,1.0,complete,21.253942857142857,4.108877851123032,-0.1890482556603341,False,0.2135852384687641,1,False,normal
2009-09-07,20.35763333333333,1440,1.0,complete,20.207009523809525,2.924113453473171,0.0515109320894843,False,0.2144535668084304,1,False,normal
2009-09-08,18.104233333333333,1440,1.0,complete,20.10209523809524,2.9001439122291743,-0.688883712403867,False,0.1908480266026395,1,False,normal
2009-09-09,25.355733333333333,1440,1.0,complete,20.35380476190476,2.578004583108576,1.940232614093033,False,0.225623636620717,1,False,normal
2009-09-10,18.53923333333333,1440,1.0,complete,21.06459047619048,3.197882696046191,-0.7896966158200422,False,0.2017849823296028,1,False,normal
2009-09-11,20.235766666666667,1440,1.0,complete,20.734033333333336,3.339824367360434,-0.1491894817991477,False,0.2148752431853148,1,False,normal
2009-09-12,34.405966666666664,1440,1.0,complete,21.185838095238093,2.9536347350860046,4.47588471735779,True,0.1841259525538034,1,False,zscore_only
2009-09-13,26.1717,1439,0.9993055555555556,partial,22.49653333333333,5.755083990216309,0.6385947925198804,False,0.225498800533566,1,False,normal
2009-09-14,26.247633333333333,1440,1.0,complete,,,,False,0.2263468033072385,1,False,normal
2009-09-15,24.2801,1440,1.0,complete,,,,False,0.2114315799875837,1,False,normal
2009-09-16,29.0527,1440,1.0,complete,,,,False,0.2098703066945215,1,False,normal
2009-09-17,20.39043333333333,1440,1.0,complete,,,,False,0.2151285397407258,1,False,normal
2009-09-18,22.90053333333333,1440,1.0,complete,,,,False,0.2091080215184927,1,False,normal
2009-09-19,35.595166666666664,1440,1.0,complete,,,,False,0.1700657739867211,1,False,normal
2009-09-20,33.922133333333335,1440,1.0,complete,,,,False,0.1879048878522311,1,False,normal
2009-09-21,23.63113333333333,1440,1.0,complete,27.484100000000005,5.668948133112993,-0.6796616543660089,False,0.2092949128078696,1,False,normal
2009-09-22,20.7756,1440,1.0,complete,27.110314285714285,5.847511288442716,-1.0833180088483965,False,0.2127357105731056,1,False,normal
2009-09-23,27.27683333333333,1440,1.0,complete,26.609671428571428,6.2653055112594,0.1064851352520547,False,0.2293244025807543,1,False,normal
2009-09-24,23.770966666666663,1440,1.0,complete,26.35597619047619,6.185338934206008,-0.4179252828836869,False,0.206137875921237,1,False,normal
2009-09-25,19.350266666666663,1440,1.0,complete,26.838909523809523,5.759231818172379,-1.3002850195252755,False,0.2057165680446773,1,False,normal
2009-09-26,25.937566666666665,1440,1.0,complete,26.33172857142857,6.295247466774911,-0.0626126148085866,False,0.2208198947504953,1,False,normal
2009-09-27,23.507866666666665,1440,1.0,complete,24.95207142857143,4.809725311761857,-0.3002676178560675,False,0.2094243016194695,1,False,normal
2009-09-28,21.6576,1440,1.0,complete,23.46431904761905,2.7365005706028342,-0.6602297353883037,False,0.2202266452272333,1,False,normal
2009-09-29,19.10663333333333,1440,1.0,complete,23.182385714285715,2.816931371707457,-1.446876704874036,False,0.2070274357585364,1,False,normal
2009-09-30,29.5456,1438,0.9986111111111112,partial,22.943961904761903,3.109979440531516,2.1227272467466327,False,0.2125448308824485,1,False,normal
2009-10-01,21.4542,1440,1.0,complete,,,,False,0.2193351180876162,1,False,normal
2009-10-02,19.211133333333333,1440,1.0,complete,,,,False,0.2073718697727924,1,False,normal
2009-10-03,28.61233333333333,1440,1.0,complete,,,,False,0.2134571804033929,1,False,normal
2009-10-04,27.01843333333333,1440,1.0,complete,,,,False,0.2275425957036,1,False,normal
2009-10-05,21.2587,1440,1.0,complete,,,,False,0.2166937033019901,1,False,normal
2009-10-06,23.807466666666667,1440,1.0,complete,,,,False,0.2058032001636662,1,False,normal
2009-10-07,30.3639,1440,1.0,complete,,,,False,0.2012662789302404,1,False,normal
2009-10-08,26.2861,1440,1.0,complete,24.532309523809523,4.200524652491636,0.4175170059173863,False,0.2251560107351432,1,False,normal
2009-10-09,22.531033333333333,1440,1.0,complete,25.222580952380955,4.002752061920124,-0.6724242664574342,False,0.2099110495311845,1,False,normal
2009-10-10,33.54593333333333,1440,1.0,complete,25.696852380952382,3.3081852227610637,2.372624391880326,False,0.1817234314417296,1,False,normal
2009-10-11,32.30473333333333,1439,0.9993055555555556,partial,26.401652380952385,4.383594000016825,1.346630402441077,False,0.1934848494074754,1,False,normal
2009-10-12,22.526733333333333,1440,1.0,complete,,,,False,0.2099110495311845,1,False,normal
2009-10-13,24.151666666666667,1440,1.0,complete,,,,False,0.205434485547425,1,False,normal
2009-10-14,28.5204,1440,1.0,complete,,,,False,0.209193667151945,1,False,normal
2009-10-15,24.832933333333333,1440,1.0,complete,,,,False,0.2205882243221303,1,False,normal
2009-10-16,25.281,1440,1.0,complete,,,,False,0.2255708595603481,1,False,normal
2009-10-17,45.70133333333333,1440,1.0,complete,,,,False,0.071151903956573,1,False,normal
2009-10-18,25.936066666666665,1440,1.0,complete,,,,False,0.2220404836732605,1,False,normal
2009-10-19,22.818466666666662,1440,1.0,complete,28.135733333333334,7.957475140790297,-0.6682102768263993,False,0.2094305913394206,1,False,normal
2009-10-20,28.713466666666665,1440,1.0,complete,28.177409523809526,7.923895813384658,0.0676507055975745,False,0.2116680274873762,1,False,normal
2009-10-21,32.8251,1440,1.0,complete,28.82909523809524,7.7226575842926,0.5174390704609749,False,0.1892193985576232,1,False,normal
2009-10-22,23.3285,1440,1.0,complete,29.444052380952375,7.8640765115775855,-0.7776567753313427,False,0.211742676096803,1,False,normal
2009-10-23,29.29083333333333,1440,1.0,complete,29.229133333333333,8.029906879424034,0.0076837752823883,False,0.2101715914221392,1,False,normal
2009-10-24,43.57346666666667,1440,1.0,complete,29.801966666666665,7.842145867374845,1.75608822290499,False,0.0795112466596478,1,False,normal
2009-10-25,40.10893333333333,1440,1.0,complete,29.497985714285715,7.132239383533082,1.4877441780131748,False,0.1056478025033547,1,False,normal
2009-10-26,18.539066666666667,1440,1.0,complete,31.52268095238096,7.920671669397149,-1.6392062223559491,False,0.2017849823296028,1,False,normal
2009-10-27,18.6126,1440,1.0,complete,30.911338095238097,8.81870125672386,-1.394620107565257,False,0.2015779956341724,1,False,normal
2009-10-28,21.14513333333333,1440,1.0,complete,29.468357142857144,9.987241134302714,-0.8333856865572639,False,0.2140200414595238,1,False,normal
2009-10-29,33.024,1440,1.0,complete,27.79979047619048,10.30363561867781,0.507025841862982,False,0.1871624759883705,1,False,normal
2009-10-30,24.8893,1440,1.0,complete,29.184861904761902,10.253945650052568,-0.41891795132929,False,0.2188932239256574,1,False,normal
2009-10-31,31.2657,1440,1.0,complete,28.556071428571425,10.380537785191455,0.2610296910911536,False,0.1972081099218514,1,False,normal
2009-11-01,30.719466666666666,1440,1.0,complete,26.797819047619047,8.233196579202893,0.4763213876070596,False,0.199126249860439,1,False,normal
2009-11-02,25.07043333333333,1440,1.0,complete,25.456466666666667,6.22243425734948,-0.062038957322431,False,0.2201777392918187,1,False,normal
2009-11-03,37.77813333333334,1440,1.0,complete,26.389519047619046,5.45460998112997,2.0878879195969646,False,0.140716572645454,1,False,normal
2009-11-04,30.03,1440,1.0,complete,29.127452380952384,5.704716370229206,0.1582107786738842,False,0.210597788720396,1,False,normal
2009-11-05,26.007766666666665,1440,1.0,complete,30.39671904761905,4.492264516504176,-0.9770022145463094,False,0.223019989338,1,False,normal
2009-11-06,23.174166666666668,1440,1.0,complete,29.3944,4.590033340555007,-1.355160817324522,False,0.2104934262769424,1,False,normal
2009-11-07,25.95293333333333,1440,1.0,complete,29.149380952380955,4.905533827214552,-0.6516003622917883,False,0.2197503646790758,1,False,normal
2009-11-08,41.80003333333333,1440,1.0,complete,28.39041428571429,4.9344339601400415,2.7175597355118875,False,0.0922369967706473,1,False,normal
2009-11-09,23.41253333333333,1439,0.9993055555555556,partial,29.97335238095238,7.105694640655655,-0.9233184620798276,False,0.2111128570945841,1,False,normal
2009-11-10,26.76973333333333,1440,1.0,complete,,,,False,0.2303265406630003,1,False,normal
2009-11-11,34.008,1440,1.0,complete,,,,False,0.1866533489958417,1,False,normal
2009-11-12,24.38443333333333,1440,1.0,complete,,,,False,0.2141854325530339,1,False,normal
2009-11-13,25.548766666666666,1440,1.0,complete,,,,False,0.2198283726496573,1,False,normal
2009-11-14,42.67426666666667,1440,1.0,complete,,,,False,0.0846064050760699,1,False,normal
2009-11-15,32.788466666666665,1440,1.0,complete,,,,False,0.1886335868617782,1,False,normal
2009-11-16,25.24113333333333,1440,1.0,complete,,,,False,0.2256791657182217,1,False,normal
2009-11-17,28.471566666666668,1440,1.0,complete,30.202114285714288,6.691041230156178,-0.2586365200154695,False,0.2107590320882526,1,False,normal
2009-11-18,43.98623333333333,1440,1.0,complete,30.44523333333333,6.575459482325384,2.05932376838421,False,0.0755361804579892,1,False,normal
2009-11-19,24.5808,1440,1.0,complete,31.87069523809524,8.325280652002201,-0.8756335723459416,False,0.2175613303952754,1,False,normal
2009-11-20,32.6836,1440,1.0,complete,31.898747619047622,8.296130969019915,0.0946046276129482,False,0.1908927772894957,1,False,normal
2009-11-21,41.614266666666666,1440,1.0,complete,32.91800952380952,7.809995792589361,1.1134778268521892,False,0.0932413685865062,1,False,normal
2009-11-22,40.8496,1440,1.0,complete,32.76658095238095,7.5966662233400095,1.0640218761731,False,0.1053004869011737,1,False,normal
2009-11-23,24.5187,1440,1.0,complete,33.918171428571426,8.188483984828164,-1.1478890898470355,False,0.2180487281267031,1,False,normal
2009-11-24,35.48093333333333,1440,1.0,complete,33.81496666666667,8.319576654783209,0.2002465673188841,False,0.1684722410632839,1,False,normal
2009-11-25,33.00216666666667,1440,1.0,complete,34.81630476190476,7.984327458595594,-0.2272123863463374,False,0.1876301011456231,1,False,normal
2009-11-26,26.660433333333334,1440,1.0,complete,33.24715238095238,6.885549390540722,-0.9566003631704092,False,0.2281211324383807,1,False,normal
2009-11-27,23.000433333333334,1440,1.0,complete,33.54424285714286,6.482362062057075,-1.626538200561975,False,0.2101642126787421,1,False,normal
2009-11-28,30.9825,1440,1.0,complete,32.16093333333333,7.628482853728429,-0.1544780732852234,False,0.2026064059702402,1,False,normal
2009-11-29,27.516033333333333,1440,1.0,complete,30.642109523809527,6.390590968462114,-0.489168561390259,False,0.2283271567138283,1,False,normal
2009-11-30,29.0865,1440,1.0,complete,28.737314285714287,4.568363926520236,0.0764356167551851,False,0.2088833393490726,1,False,normal
2009-12-01,29.272966666666665,1440,1.0,complete,29.389857142857142,4.174610414944122,-0.0280003316649717,False,0.2109382737334565,1,False,normal
2009-12-02,39.09446666666667,1440,1.0,complete,28.50300476190477,3.2138019256894563,3.2956175114898283,True,0.1209225462965413,1,False,zscore_only
2009-12-03,24.661466666666666,1440,1.0,complete,29.37333333333333,4.97670308511634,-0.9467847661553872,False,0.2200296447722135,1,False,normal
2009-12-04,28.521566666666665,1440,1.0,complete,29.08776666666667,5.210189766395362,-0.1086716655987997,False,0.209193667151945,1,False,normal
2009-12-05,39.19603333333333,1440,1.0,complete,29.8765,4.505306460945373,2.068568123860272,False,0.1224386233340902,1,False,normal
2009-12-06,39.638133333333336,1440,1.0,complete,31.049861904761908,5.741366508020284,1.495858419171502,False,0.1158796372078311,1,False,normal
2009-12-07,29.043966666666662,1440,1.0,complete,32.78159047619048,6.298915397634727,-0.5933757756021479,False,0.2106360095073657,1,False,normal
2009-12-08,33.44806666666667,1440,1.0,complete,32.77551428571429,6.303093034283643,0.1067019600209373,False,0.1814306126612805,1,False,normal
2009-12-09,30.039266666666663,1440,1.0,complete,33.37195714285715,6.111030588228432,-0.5453565365243283,False,0.2106730872943929,1,False,normal
2009-12-10,34.2381,1438,0.9986111111111112,partial,32.07835714285714,5.6378789294908485,0.3830771969659702,False,0.1867036230837206,1,False,normal
2009-12-11,29.74103333333333,1440,1.0,complete,,,,False,0.2145496540470418,1,False,normal
2009-12-12,30.273,1440,1.0,complete,,,,False,0.2025303210194201,1,False,normal
2009-12-13,35.6469,1440,1.0,complete,,,,False,0.1692212493626175,1,False,normal
2009-12-14,29.914366666666663,1440,1.0,complete,,,,False,0.2153277653092006,1,False,normal
2009-12-15,32.33526666666667,1440,1.0,complete,,,,False,0.1941682066938059,1,False,normal
2009-12-16,23.2479,1440,1.0,complete,,,,False,0.2100753655398239,1,False,normal
2009-12-17,28.6197,1440,1.0,complete,,,,False,0.2133662175628148,1,False,normal
2009-12-18,29.078433333333333,1440,1.0,complete,29.968309523809527,3.7633966996294728,-0.2364555909197155,False,0.2083545987668819,1,False,normal
2009-12-19,36.7389,1440,1.0,complete,29.873652380952382,3.778368996834788,1.8169870716170824,False,0.1650754442803353,1,False,normal
2009-12-20,19.069433333333333,1440,1.0,complete,30.797352380952383,4.594489964030358,-2.5526052161252606,False,0.2076269080419504,1,False,normal
2009-12-21,33.9161,1440,1.0,complete,28.429142857142857,5.794006771583231,0.9470056489695498,False,0.1879048878522311,1,False,normal
2009-12-22,31.467033333333333,1440,1.0,complete,29.00081904761905,6.151371121828412,0.4009210689569376,False,0.1947496095692039,1,False,normal
2009-12-23,24.25333333333333,1440,1.0,complete,28.87678571428572,6.081285255810535,-0.7602755316460084,False,0.2102603587564904,1,False,normal
2009-12-24,48.43156666666667,1440,1.0,complete,29.02041904761905,5.936324985047077,3.269893017640052,True,0.0290934265195071,1,False,zscore_only
2009-12-25,35.4608,1440,1.0,complete,31.850685714285717,9.416288513977502,0.383390364510969,False,0.1689533402347025,1,False,normal
2009-12-26,36.39363333333333,1440,1.0,complete,32.76245238095238,9.412113196849926,0.3857986911585634,False,0.1650085692377476,1,False,normal
2009-12-27,36.59086666666666,1440,1.0,complete,32.71312857142858,9.388677210311208,0.4130228368038175,False,0.168277635875672,1,False,normal
2009-12-28,34.901633333333336,1440,1.0,complete,35.21619047619048,7.233173107844262,-0.0434881259119884,False,0.1805636368700447,1,False,normal
2009-12-29,34.1328,1440,1.0,complete,35.35698095238096,7.213213760070105,-0.1697136662104212,False,0.1898032415598172,1,False,normal
2009-12-30,40.85183333333333,1440,1.0,complete,35.73780476190476,7.041951145323347,0.7262232392544875,False,0.1053004869011737,1,False,normal
2009-12-31,36.86486666666666,1440,1.0,complete,38.10901904761904,5.04043747296156,-0.2468342058851831,False,0.1595632523373074,1,False,normal
2010-01-01,20.4042,1440,1.0,complete,36.456633333333336,2.1724155323474075,-7.389209428082045,True,0.2137567330648205,1,False,zscore_only
2010-01-02,21.81393333333333,1439,0.9993055555555556,partial,34.30569047619048,6.488700192662902,-1.9251555430134064,False,0.2175022951746462,1,False,normal
2010-01-03,34.72423333333333,1440,1.0,complete,,,,False,0.1795485096823943,1,False,normal
2010-01-04,26.735533333333333,1440,1.0,complete,,,,False,0.2275020457298029,1,False,normal
2010-01-05,36.99633333333333,1440,1.0,complete,,,,False,0.1567352229914143,1,False,normal
2010-01-06,29.619666666666667,1440,1.0,complete,,,,False,0.2112613345715032,1,False,normal
2010-01-07,29.4907,1440,1.0,complete,,,,False,0.2111105735609009,1,False,normal
2010-01-08,29.953466666666667,1440,1.0,complete,,,,False,0.2131948261980955,1,False,normal
2010-01-09,38.94833333333333,1440,1.0,complete,,,,False,0.123034849469474,1,False,normal
2010-01-10,41.807766666666666,1440,1.0,complete,32.35260952380953,4.5398105145116965,2.082720658193405,False,0.0920475332817568,1,False,normal
2010-01-11,25.3114,1440,1.0,complete,33.36454285714286,5.7773496035591485,-1.3939164858885644,False,0.2235775580769201,1,False,normal
2010-01-12,21.375633333333333,893,0.6201388888888889,partial,33.16109523809524,6.067484606839298,-1.9423966715098508,False,0.2166746099708943,1,False,normal
2010-01-14,10.308133333333334,298,0.2069444444444444,partial,,,,False,0.0747021833658445,1,False,normal
2010-01-15,36.61266666666667,1440,1.0,complete,,,,False,0.1680981853180454,1,False,normal
2010-01-16,35.8352,1440,1.0,complete,,,,False,0.165867591854753,1,False,normal
2010-01-17,31.77593333333333,1440,1.0,complete,,,,False,0.187599038933669,1,False,normal
2010-01-18,31.35163333333333,1440,1.0,complete,,,,False,0.1980156629966498,1,False,normal
2010-01-19,40.55846666666667,1440,1.0,complete,,,,False,0.108780757549602,1,False,normal
2010-01-20,39.19546666666667,1440,1.0,complete,,,,False,0.1224386233340902,1,False,normal
2010-01-21,35.63093333333333,1440,1.0,complete,,,,False,0.169730690842644,1,False,normal
2010-01-22,29.843766666666667,1440,1.0,complete,35.85147142857143,3.4357187985020023,-1.7486019998272744,False,0.2147112210817167,1,False,normal
2010-01-23,43.47516666666667,1439,0.9993055555555556,partial,34.88448571428572,4.078248208249997,2.1064634896430854,False,0.0824726695033151,1,False,normal
2010-01-24,37.82366666666667,1440,1.0,complete,,,,False,0.1412712504069396,1,False,normal
2010-01-25,32.17516666666667,1440,1.0,complete,,,,False,0.1917103046266858,1,False,normal
2010-01-26,34.4594,1440,1.0,complete,,,,False,0.1812872715548324,1,False,normal
2010-01-27,46.015033333333335,1440,1.0,complete,,,,False,0.0704551052840911,1,False,normal
2010-01-28,35.170566666666666,1440,1.0,complete,,,,False,0.1704486657226009,1,False,normal
2010-01-29,34.88316666666667,1440,1.0,complete,,,,False,0.1811777727895598,1,False,normal
2010-01-30,47.3788,1440,1.0,complete,,,,False,0.0449112956175202,1,False,normal
2010-01-31,29.9866,1440,1.0,complete,38.27225714285714,5.998607467469609,-1.3812634328534052,False,0.2120444676499676,1,False,normal
2010-02-01,28.22963333333333,1440,1.0,complete,37.15267619047619,6.777123278646136,-1.3166416619951788,False,0.2194370434903427,1,False,normal
2010-02-02,35.9572,1440,1.0,complete,36.58902857142857,7.395917814413925,-0.0854293662102624,False,0.1620443194284435,1,False,normal
2010-02-03,48.38356666666667,1440,1.0,complete,36.803,7.345531578121784,1.5765457603039486,False,0.0295148688950678,1,False,normal
2010-02-04,38.6045,1440,1.0,complete,37.1413619047619,7.875992527163521,0.185771899883333,False,0.1263923354156304,1,False,normal
2010-02-05,34.98153333333333,1440,1.0,complete,37.63192380952381,7.83964000093995,-0.3380755335541819,False,0.1813898083151599,1,False,normal
2010-02-06,45.216433333333335,1440,1.0,complete,37.64597619047619,7.833977848939265,0.9663618264994454,False,0.0753978419285975,1,False,normal
2010-02-07,27.095133333333333,1440,1.0,complete,37.337066666666665,7.417807852428822,-1.3807223828236268,False,0.2269351090684496,1,False,normal
2010-02-08,43.0373,1440,1.0,complete,36.924,7.956304729607175,0.7683592079186028,False,0.0852545788249947,1,False,normal
2010-02-09,40.348866666666666,1440,1.0,complete,39.03938095238095,7.191120437061011,0.1820975918491078,False,0.1062315805772314,1,False,normal
2010-02-10,32.40903333333333,1439,0.9993055555555556,partial,39.66676190476191,7.067919828807773,-1.0268549654237975,False,0.1954223478613049,1,False,normal
2010-02-11,22.829466666666665,1440,1.0,complete,,,,False,0.2105173426693118,1,False,normal
2010-02-12,31.549966666666663,1440,1.0,complete,,,,False,0.1932625933948583,1,False,normal
2010-02-13,39.1926,1440,1.0,complete,,,,False,0.1227969309873614,1,False,normal
2010-02-14,28.111633333333334,1439,0.9993055555555556,partial,,,,False,0.2228502375884009,1,False,normal
2010-02-15,34.9522,1440,1.0,complete,,,,False,0.1808501946016571,1,False,normal
2010-02-16,29.9626,1440,1.0,complete,,,,False,0.2126181061089931,1,False,normal
2010-02-17,34.242666666666665,1440,1.0,complete,,,,False,0.186546122414224,1,False,normal
2010-02-18,29.3526,1440,1.0,complete,,,,False,0.2098669747593924,1,False,normal
2010-02-19,32.559533333333334,1440,1.0,complete,,,,False,0.1942249069063241,1,False,normal
2010-02-20,33.062133333333335,1440,1.0,complete,,,,False,0.1882834308884462,1,False,normal
2010-02-21,45.6719,1440,1.0,complete,,,,False,0.0716429595136231,1,False,normal
2010-02-22,24.567266666666665,1440,1.0,complete,34.25766190476191,5.4403976200147,-1.7811924632944498,False,0.217137447116936,1,False,normal
2010-02-23,24.354666666666667,1440,1.0,complete,32.774100000000004,6.52689618439355,-1.2899597443368305,False,0.21438888469125,1,False,normal
2010-02-24,31.904633333333333,1440,1.0,complete,31.972966666666668,7.23523629988575,-0.0094445199162899,False,0.1883816761874688,1,False,normal
2010-02-25,31.33673333333333,1440,1.0,complete,31.63896190476191,7.166636623720661,-0.0421716053564429,False,0.1986448691979853,1,False,normal
2010-02-26,35.33593333333334,1440,1.0,complete,31.922409523809524,7.100065451099265,0.4807735693472115,False,0.1682545564322503,1,False,normal
2010-02-27,29.4176,1440,1.0,complete,32.3190380952381,7.218155292307147,-0.4019639336840465,False,0.2084839425733137,1,False,normal
2010-02-28,11.8611,1440,1.0,complete,31.798390476190477,7.286737150790349,-2.7361067187702792,False,0.1035167387280179,1,False,normal
2010-03-01,21.645466666666668,1440,1.0,complete,26.968276190476196,7.749091202216162,-0.6868946802803476,False,0.2200831418813523,1,False,normal
2010-03-02,12.781766666666666,1440,1.0,complete,26.550876190476195,7.975361871987554,-1.7264557702606296,False,0.1231536407366626,1,False,normal
2010-03-03,15.597233333333334,1440,1.0,complete,24.897604761904763,9.550482342316482,-0.9738116982179156,False,0.1610184137496516,1,False,normal
2010-03-04,11.381333333333334,1440,1.0,complete,22.567976190476195,9.54531780655007,-1.1719508018335965,False,0.0869742692617139,1,False,normal
2010-03-05,18.895433333333333,1440,1.0,complete,19.717204761904764,9.469601756721296,-0.0867799353851556,False,0.2050475781768723,1,False,normal
2010-03-06,13.2452,1440,1.0,complete,17.368561904761908,6.5339868863427535,-0.6310636945691611,False,0.1309640105826097,1,False,normal
2010-03-07,22.87453333333333,1440,1.0,complete,15.058219047619051,3.886234538720836,2.01128218274933,False,0.2101237404438543,1,False,normal
2010-03-08,42.6183,1440,1.0,complete,16.631566666666668,4.549032003909425,5.712585295289284,True,0.0866833211588682,1,False,zscore_only
2010-03-09,29.3352,1440,1.0,complete,19.627685714285715,10.889568125280809,0.8914508063159722,False,0.2103466623364465,1,False,normal
2010-03-10,30.3772,1440,1.0,complete,21.992461904761907,10.952322620600334,0.765567120846783,False,0.2016854190902203,1,False,normal
2010-03-11,32.518166666666666,1440,1.0,complete,24.10388571428572,10.93860393008202,0.7692280483107187,False,0.1946939290720881,1,False,normal
2010-03-12,27.42373333333333,1440,1.0,complete,27.12343333333333,9.687031242240709,0.0310002097123962,False,0.2287316567287005,1,False,normal
2010-03-13,39.71683333333333,1440,1.0,complete,28.341761904761903,8.991026732833602,1.2651582257042702,False,0.1146677712230339,1,False,normal
2010-03-14,26.1119,1440,1.0,complete,32.12342380952381,6.909060133747953,-0.8700928481082334,False,0.2250582064293473,1,False,normal
2010-03-15,29.864166666666662,1440,1.0,complete,32.585904761904764,6.265113654770758,-0.4344275691097085,False,0.2145412339995721,1,False,normal
2010-03-16,25.710833333333333,1440,1.0,complete,30.763885714285717,4.454034216671411,-1.1344889004307264,False,0.2220405536250005,1,False,normal
2010-03-17,33.4855,1440,1.0,complete,30.24611904761905,4.841593127376307,0.6690733539884204,False,0.1819530342069546,1,False,normal
2010-03-18,26.0447,1440,1.0,complete,30.690161904761904,4.995703694043166,-0.9298914005450551,False,0.2234862958258027,1,False,normal
2010-03-19,27.723066666666668,1440,1.0,complete,29.765380952380955,5.19606435394297,-0.3930502292883462,False,0.2266811451173348,1,False,normal
2010-03-20,2.1955333333333336,232,0.1611111111111111,partial,29.808142857142855,5.174769602411458,-5.336007522140109,False,-0.0471470151355389,-1,True,isolation_only
2010-03-21,15.288033333333331,621,0.43125,partial,,,,False,0.1588789804068046,1,False,normal
2010-03-22,26.9765,1440,1.0,complete,,,,False,0.2278051587054189,1,False,normal
2010-03-23,30.369366666666668,1440,1.0,complete,,,,False,0.2016538101850502,1,False,normal
2010-03-24,33.245866666666664,1440,1.0,complete,,,,False,0.1847390904656715,1,False,normal
2010-03-25,27.998066666666663,1440,1.0,complete,,,,False,0.2237564811145558,1,False,normal
2010-03-26,27.5214,1440,1.0,complete,,,,False,0.2278200433456794,1,False,normal
2010-03-27,30.7995,1440,1.0,complete,,,,False,0.2009640093866412,1,False,normal
2010-03-28,29.970233333333333,1440,1.0,complete,,,,False,0.2128933747063827,1,False,normal
2010-03-29,27.04563333333333,1440,1.0,complete,29.554419047619053,2.206623326937216,-1.1369342849139124,False,0.2282012002490442,1,False,normal
2010-03-30,31.77423333333333,1440,1.0,complete,29.56429523809524,2.193276673991813,1.0075965889045622,False,0.187599038933669,1,False,normal
2010-03-31,32.06336666666667,1440,1.0,complete,29.76499047619048,2.338678820102756,0.9827669240940068,False,0.1870945307830856,1,False,normal
2010-04-01,28.124,1440,1.0,complete,29.596061904761907,2.0729523135451395,-0.7101282046591822,False,0.221404738208685,1,False,normal
2010-04-02,27.47703333333333,1440,1.0,complete,29.614052380952383,2.057259489192444,-1.03876980947013,False,0.2297101798633914,1,False,normal
2010-04-03,30.087966666666667,1440,1.0,complete,29.607714285714287,2.06483554056396,0.2325862624493618,False,0.2073402896418403,1,False,normal
2010-04-04,28.17313333333333,1440,1.0,complete,29.50606666666667,2.0132576565061973,-0.6620778662014427,False,0.2237127091600249,1,False,normal
2010-04-05,18.647,1440,1.0,complete,29.24933809523809,2.0582813222782645,-5.15106364736508,True,0.2035055034768361,1,False,zscore_only
2010-04-06,30.430866666666667,1440,1.0,complete,28.049533333333333,4.525771944304222,0.5261717476352937,False,0.201034549604002,1,False,normal
2010-04-07,26.616366666666668,1440,1.0,complete,27.85762380952381,4.367211613227411,-0.2842218909424091,False,0.2269135250800261,1,False,normal
2010-04-08,27.487,1440,1.0,complete,27.079480952380955,3.9591481790001,0.1029309915149385,False,0.2292585146183592,1,False,normal
2010-04-09,20.55583333333333,1440,1.0,complete,26.98848095238096,3.93840514576252,-1.6333128210460417,False,0.2083612673197307,1,False,normal
2010-04-10,19.8368,1440,1.0,complete,25.999738095238094,4.6072984754636845,-1.3376468071385037,False,0.2032651848252349,1,False,normal
2010-04-11,26.7135,1439,0.9993055555555556,partial,24.53528571428572,4.719093188544674,0.4615747557182749,False,0.2287822814083397,1,False,normal
2010-04-12,23.99043333333333,1440,1.0,complete,,,,False,0.2044086752908095,1,False,normal
2010-04-13,25.21173333333333,1440,1.0,complete,,,,False,0.2251170452764516,1,False,normal
2010-04-14,27.672733333333333,1440,1.0,complete,,,,False,0.2276422539068204,1,False,normal
2010-04-15,31.202966666666665,1440,1.0,complete,,,,False,0.1997686640941706,1,False,normal
2010-04-16,26.034366666666667,1440,1.0,complete,,,,False,0.2235918566270597,1,False,normal
2010-04-17,25.961866666666666,1440,1.0,complete,,,,False,0.2206861620097129,1,False,normal
2010-04-18,24.601766666666663,1440,1.0,complete,,,,False,0.2181011607847142,1,False,normal
2010-04-19,28.476566666666667,1440,1.0,complete,26.382266666666663,2.431166335549772,0.861438384275097,False,0.2097402260315677,1,False,normal
2010-04-20,30.560466666666667,1440,1.0,complete,27.02314285714285,2.2823083439646368,1.5498886550005186,False,0.197907274888025,1,False,normal
2010-04-21,26.3319,1440,1.0,complete,27.787247619047623,2.46299448239675,-0.5908854564836122,False,0.2279148082242243,1,False,normal
2010-04-22,24.3484,1440,1.0,complete,27.5957,2.5247488541765977,-1.2861873348820865,False,0.2145369679377959,1,False,normal
2010-04-23,19.6756,1440,1.0,complete,26.61647619047619,2.201006219193988,-3.1535013985639497,True,0.200248566042237,1,False,zscore_only
2010-04-24,25.306966666666668,1440,1.0,complete,25.708080952380957,3.443041477512641,-0.1164999865189143,False,0.2238159097158631,1,False,normal
2010-04-25,25.712366666666668,1440,1.0,complete,25.61452380952381,3.443893692799039,0.0284105335038189,False,0.2220405536250005,1,False,normal
2010-04-26,18.045266666666667,1440,1.0,complete,25.773180952380955,3.414921038014265,-2.262984765881432,False,0.1902989733453598,1,False,normal
2010-04-27,20.849,1440,1.0,complete,24.282995238095243,4.219753247544004,-0.8137905314946814,False,0.2143978144245179,1,False,normal
2010-04-28,14.4643,1440,1.0,complete,22.89564285714286,3.3103462602659266,-2.5469670524634345,False,0.1371653813959223,1,False,normal
2010-04-29,18.3954,1440,1.0,complete,21.20027142857143,4.181507771013599,-0.6707799153250239,False,0.1950756298457891,1,False,normal
2010-04-30,18.6438,1440,1.0,complete,20.349842857142857,4.037409077967781,-0.4225588302292098,False,0.2033536877300413,1,False,normal
2010-05-01,22.00263333333333,1440,1.0,complete,20.20244285714286,4.084685297081035,0.440717055357216,False,0.2119453074393026,1,False,normal
2010-05-02,36.46516666666667,1440,1.0,complete,19.73039523809524,3.552760513628139,4.710357302266231,True,0.1676046847316494,1,False,zscore_only
2010-05-03,23.5217,1440,1.0,complete,21.266509523809525,7.112005184967513,0.3170962924713863,False,0.20832908131623,1,False,normal
2010-05-04,25.282666666666668,1440,1.0,complete,22.048857142857145,6.998913135456922,0.462044529089359,False,0.2255708595603481,1,False,normal
2010-05-05,30.088466666666665,1440,1.0,complete,22.68223809523809,7.072462764402645,1.0471923031826829,False,0.2073402896418403,1,False,normal
2010-05-06,21.654166666666665,1440,1.0,complete,24.914261904761908,6.487970669301282,-0.5024830419657764,False,0.2202569511188626,1,False,normal
2010-05-07,27.400066666666667,1440,1.0,complete,25.3798,6.043979936481591,0.3342609816542075,False,0.2290017205866965,1,False,normal
2010-05-08,25.557033333333333,1440,1.0,complete,26.630695238095235,5.274668551406351,-0.2035505917192917,False,0.2198283726496573,1,False,normal
2010-05-09,26.1085,1440,1.0,complete,27.13846666666667,4.913616117295646,-0.2096148014170758,False,0.2247218221189906,1,False,normal
2010-05-10,24.464866666666666,1440,1.0,complete,25.658942857142858,2.696055872711559,-0.442897420102518,False,0.2177797243816913,1,False,normal
2010-05-11,26.189466666666668,1440,1.0,complete,25.793680952380956,2.59304306593592,0.1526336833680246,False,0.2261743828086673,1,False,normal
2010-05-12,33.923633333333335,1440,1.0,complete,25.92322380952381,2.5859000792554983,3.0938587256290684,True,0.1879048878522311,1,False,zscore_only
2010-05-13,25.87493333333333,1439,0.9993055555555556,partial,26.471104761904765,3.756713214215565,-0.1586949534277719,False,0.2224614095287551,1,False,normal
2010-05-14,28.70243333333333,1440,1.0,complete,,,,False,0.2114702189599834,1,False,normal
2010-05-15,32.412866666666666,1440,1.0,complete,,,,False,0.1960003562458415,1,False,normal
2010-05-16,35.0071,1440,1.0,complete,,,,False,0.181535342790237,1,False,normal
2010-05-17,27.136366666666667,1440,1.0,complete,,,,False,0.2261831570932895,1,False,normal
2010-05-18,23.6864,1440,1.0,complete,,,,False,0.2077239624998988,1,False,normal
2010-05-19,23.7792,1440,1.0,complete,,,,False,0.2058802702736415,1,False,normal
2010-05-20,19.23163333333333,1440,1.0,complete,,,,False,0.2082226115048078,1,False,normal
2010-05-21,21.573266666666665,1440,1.0,complete,27.136571428571436,5.4451829945587855,-1.021692892133105,False,0.2207213158447327,1,False,normal
2010-05-22,34.92953333333333,1440,1.0,complete,26.11811904761905,5.761044851248308,1.529481979958031,False,0.1796212895932077,1,False,normal
2010-05-23,24.7926,1440,1.0,complete,26.477642857142857,6.274952844553898,-0.2685347442260582,False,0.2210407388983992,1,False,normal
2010-05-24,22.355533333333334,1440,1.0,complete,25.018428571428576,5.023822999227336,-0.5300535545350216,False,0.2095707461843124,1,False,normal
2010-05-25,19.9771,1440,1.0,complete,24.335452380952383,5.012865765572643,-0.8694332912093263,False,0.2060102761939775,1,False,normal
2010-05-26,23.1314,1440,1.0,complete,23.80555238095238,5.281750775314857,-0.1276380521593607,False,0.2090206564145137,1,False,normal
2010-05-27,22.0557,1440,1.0,complete,23.713009523809525,5.287960937153049,-0.3134118318018044,False,0.2075332471198759,1,False,normal
2010-05-28,23.30273333333333,1440,1.0,complete,24.11644761904762,4.988316206521273,-0.1631240386586788,False,0.2107652876282285,1,False,normal
2010-05-29,34.163466666666665,1440,1.0,complete,24.363514285714285,4.883080644347966,2.0069200356737014,False,0.1879004782104785,1,False,normal
2010-05-30,27.761666666666667,1440,1.0,complete,24.254076190476194,4.607626481401873,0.7612575564335428,False,0.2264507582008756,1,False,normal
2010-05-31,22.34103333333333,1440,1.0,complete,24.678228571428573,4.79817981308294,-0.4871003858009946,False,0.2092561591163393,1,False,normal
2010-06-01,21.1494,1440,1.0,complete,24.67615714285714,4.799352655797278,-0.734840174455,False,0.2146030862743096,1,False,normal
2010-06-02,16.348300000000002,1440,1.0,complete,24.84362857142857,4.625351637900862,-1.8366881561644972,False,0.166045403666565,1,False,normal
2010-06-03,23.23643333333333,1440,1.0,complete,23.874614285714284,5.642535285662509,-0.113101809748988,False,0.2110137176922379,1,False,normal
2010-06-04,23.6759,1440,1.0,complete,24.043290476190474,5.596559819035416,-0.0656457695566625,False,0.2083616439821686,1,False,normal
2010-06-05,33.49406666666667,1440,1.0,complete,24.0966,5.590103582688302,1.6810898989008345,False,0.1827663304630316,1,False,normal
2010-06-06,29.1132,1440,1.0,complete,24.00097142857143,5.39138371063898,0.94822198637809,False,0.2095901686140364,1,False,normal
2010-06-07,16.868033333333333,1440,1.0,complete,24.19404761904762,5.569757823542193,-1.315320076350316,False,0.1723789464286741,1,False,normal
2010-06-08,22.700566666666667,1440,1.0,complete,23.41219047619048,6.219471206166813,-0.1144186999078333,False,0.2109318528345321,1,False,normal
2010-06-09,25.57803333333333,1440,1.0,complete,23.63378571428572,6.152687611474433,0.3159997291950422,False,0.2193996896937566,1,False,normal
2010-06-10,20.253166666666665,1440,1.0,complete,24.95231904761905,5.254608686979442,-0.8942915944619357,False,0.2140476594608212,1,False,normal
2010-06-11,24.5112,1440,1.0,complete,24.5261380952381,5.530699663475278,-0.0027009413179225,False,0.2180269402540533,1,False,normal
2010-06-12,32.885133333333336,1439,0.9993055555555556,partial,24.645466666666668,5.518294962784765,1.4931544475666418,False,0.1888495054650538,1,False,normal
2010-06-13,27.905933333333333,1440,1.0,complete,,,,False,0.2299446628000162,1,False,normal
2010-06-14,20.29973333333333,1440,1.0,complete,,,,False,0.2111945444508495,1,False,normal
2010-06-15,20.39943333333333,1440,1.0,complete,,,,False,0.2144542766230305,1,False,normal
2010-06-16,29.4682,1440,1.0,complete,,,,False,0.2096404415837269,1,False,normal
2010-06-17,17.133633333333332,1440,1.0,complete,,,,False,0.174935580481728,1,False,normal
2010-06-18,22.205266666666667,1440,1.0,complete,,,,False,0.2091994657390352,1,False,normal
2010-06-19,23.603666666666665,1440,1.0,complete,,,,False,0.2088278268672713,1,False,normal
2010-06-20,27.875833333333333,1440,1.0,complete,23.002266666666667,4.385020269601306,1.111412574407502,False,0.2283785429065116,1,False,normal
2010-06-21,27.6815,1440,1.0,complete,22.997966666666667,4.3794214312614494,1.0694411138195228,False,0.2283803182462883,1,False,normal
2010-06-22,25.34313333333333,1440,1.0,complete,24.052504761904764,4.508263886810656,0.2862806179568192,False,0.2253349236500512,1,False,normal
2010-06-23,24.0344,1440,1.0,complete,24.75874761904762,4.218530511781961,-0.1717061467315656,False,0.2040796469625274,1,False,normal
2010-06-24,18.263,1440,1.0,complete,23.98249047619048,3.6720500576407646,-1.557574212336627,False,0.1962150206263995,1,False,normal
2010-06-25,18.323966666666667,1440,1.0,complete,24.14382857142857,3.329845517739524,-1.7477873594306368,False,0.195970138382346,1,False,normal
2010-06-26,16.360333333333333,1440,1.0,complete,23.589357142857143,3.968373457901248,-1.8216591473089392,False,0.1658809132805727,1,False,normal
2010-06-27,18.9994,1440,1.0,complete,22.55459523809524,4.817526725191673,-0.7379710463264297,False,0.2058098785514604,1,False,normal
2010-06-28,24.52233333333333,1440,1.0,complete,21.28653333333333,4.326649085266404,0.7478766907672054,False,0.2179018330855696,1,False,normal
2010-06-29,22.788266666666665,1439,0.9993055555555556,partial,20.83522380952381,3.662157715757057,0.5333038631131454,False,0.2092499341046274,1,False,normal
2010-06-30,23.068933333333334,1440,1.0,complete,,,,False,0.2098834034048635,1,False,normal
2010-07-01,22.483366666666665,1440,1.0,complete,,,,False,0.2077088475447139,1,False,normal
2010-07-02,19.015466666666665,1440,1.0,complete,,,,False,0.2061432050258821,1,False,normal
2010-07-03,18.6679,1440,1.0,complete,,,,False,0.2037148905194287,1,False,normal
2010-07-04,25.6348,1440,1.0,complete,,,,False,0.2193135755853374,1,False,normal
2010-07-05,18.5665,1440,1.0,complete,,,,False,0.2019527759078625,1,False,normal
2010-07-06,16.76556666666667,1440,1.0,complete,,,,False,0.1730298435094482,1,False,normal
2010-07-07,13.913133333333333,1440,1.0,complete,20.600361904761908,3.1642184253764256,-2.11339031395503,False,0.1348324357982139,1,False,normal
2010-07-08,20.210866666666668,1440,1.0,complete,19.29239047619048,3.801826879361368,0.2415881152985255,False,0.212330919693759,1,False,normal
2010-07-09,18.057966666666665,1440,1.0,complete,18.96774761904762,3.5741396236305656,-0.2545454425915269,False,0.1910170745453819,1,False,normal
2010-07-10,19.24173333333333,1440,1.0,complete,18.830961904761903,3.590294701172808,0.1144116187557648,False,0.2082760378784898,1,False,normal
2010-07-11,19.892866666666663,1440,1.0,complete,18.912938095238097,3.5925014395433985,0.2727705438451023,False,0.2041957969364089,1,False,normal
2010-07-12,18.4929,1440,1.0,complete,18.092661904761904,2.1795741516982314,0.183631327672998,False,0.1979495233498242,1,False,normal
2010-07-13,23.03523333333333,1440,1.0,complete,18.082147619047618,2.1770834862823083,2.2751014122769533,False,0.2096791160760703,1,False,normal
2010-07-14,23.4912,1440,1.0,complete,18.977814285714285,2.7574836440102084,1.6367769665976686,False,0.2094329653014576,1,False,normal
2010-07-15,27.219366666666662,1439,0.9993055555555556,partial,20.346109523809524,2.130584064220092,3.225996691838169,False,0.2275725116860206,1,False,normal
2010-07-16,13.6676,1440,1.0,complete,,,,False,0.1397245978914976,1,False,normal
2010-07-17,13.4392,1440,1.0,complete,,,,False,0.1348853099781922,1,False,normal
2010-07-18,13.533966666666666,1440,1.0,complete,,,,False,0.1384010186861836,1,False,normal
2010-07-19,13.352633333333332,1440,1.0,complete,,,,False,0.1310160579635413,1,False,normal
2010-07-20,14.263733333333333,1440,1.0,complete,,,,False,0.13579026803778,1,False,normal
2010-07-21,17.7361,1440,1.0,complete,,,,False,0.1871986870041608,1,False,normal
2010-07-22,19.407433333333334,1440,1.0,complete,,,,False,0.2047321135060114,1,False,normal
2010-07-23,19.602633333333333,1440,1.0,complete,15.057238095238096,2.466621308398917,1.8427616848269477,False,0.1988895937197344,1,False,normal
2010-07-24,15.361133333333331,1440,1.0,complete,15.9051,2.892598579196616,-0.1880546684143604,False,0.1585643471076086,1,False,normal
2010-07-25,18.840166666666665,1440,1.0,complete,16.179661904761907,2.7046351106276987,0.9836834371669828,False,0.200918102475711,1,False,normal
2010-07-26,14.735833333333334,1440,1.0,complete,16.937690476190475,2.580266057966508,-0.8533450014036196,False,0.1406728331861026,1,False,normal
2010-07-27,15.872666666666667,1440,1.0,complete,17.135290476190477,2.297420924259928,-0.5495831417703921,False,0.1613759751322265,1,False,normal
2010-07-28,14.377566666666668,1440,1.0,complete,17.3651380952381,2.0267965850562257,-1.4740361467939571,False,0.1349574098677287,1,False,normal
2010-07-29,9.151733333333333,1440,1.0,complete,16.88534761904762,2.303041625832521,-3.35800021978269,True,0.1144140875241757,1,False,zscore_only
2010-07-30,9.187666666666669,1440,1.0,complete,15.42024761904762,3.4216529115303413,-1.8215117411173705,False,0.1117324637419416,1,False,normal
2010-07-31,9.2436,1440,1.0,complete,13.93239523809524,3.561437771328828,-1.3165456029702791,False,0.1106868191526856,1,False,normal
2010-08-01,9.261066666666666,1440,1.0,complete,13.058461904761907,3.8880206175831176,-0.9766911268222104,False,0.109013896281858,1,False,normal
2010-08-02,9.158033333333334,1440,1.0,complete,11.69001904761905,3.1247366716820597,-0.8103037088634854,False,0.1145959858405034,1,False,normal
2010-08-03,10.253533333333332,1440,1.0,complete,10.89319047619048,2.923277047900745,-0.2188150942848529,False,0.0749478297677499,1,False,normal
2010-08-04,9.055933333333334,1440,1.0,complete,10.090457142857144,1.9311742839732613,-0.5356967613484104,False,0.1173889955587298,1,False,normal
2010-08-05,8.891266666666667,1440,1.0,complete,9.330223809523812,0.4126849254240794,-1.063661684288734,False,0.1183248081647707,1,False,normal
2010-08-06,8.745766666666666,1440,1.0,complete,9.293014285714287,0.4421511371641609,-1.2376935691210078,False,0.1154692570314007,1,False,normal
2010-08-07,8.791266666666667,1440,1.0,complete,9.229885714285716,0.4887860964630279,-0.8973640019489112,False,0.1191403415371373,1,False,normal
2010-08-08,8.807666666666666,1440,1.0,complete,9.165266666666668,0.515823019821826,-0.6932610338397123,False,0.1191187686114262,1,False,normal
2010-08-09,8.917733333333333,1440,1.0,complete,9.10049523809524,0.5300586572814977,-0.3447956226188909,False,0.1185631264655331,1,False,normal
2010-08-10,9.0793,1440,1.0,complete,9.06616666666667,0.5334815221212266,0.0246181597463954,False,0.1160458088278543,1,False,normal
2010-08-11,9.033366666666666,1440,1.0,complete,8.898419047619049,0.1297261501067194,1.0402499336995832,False,0.1201590839766849,1,False,normal
2010-08-12,8.8283,1440,1.0,complete,8.895195238095239,0.125366531403379,-0.5335972635311763,False,0.1197005974854377,1,False,normal
2010-08-13,8.9049,1440,1.0,complete,8.886200000000002,0.127928197454867,0.1461757483653642,False,0.1187496959234797,1,False,normal
2010-08-14,9.237833333333333,1440,1.0,complete,8.908933333333335,0.1119555566598329,2.937772896787345,False,0.1102822959387036,1,False,normal
2010-08-15,17.599766666666667,1440,1.0,complete,8.972728571428574,0.1533216764041184,56.2675695803073,True,0.1828224713898302,1,False,zscore_only
2010-08-16,18.82883333333333,1440,1.0,complete,10.22874285714286,3.2531160160065244,2.6436470245373567,False,0.2013678440736412,1,False,normal
2010-08-17,16.303366666666665,1262,0.8763888888888889,partial,11.644614285714288,4.503823371925551,1.0343994415927973,False,0.1676106567350342,1,False,normal
2010-08-22,1.5556333333333334,152,0.1055555555555555,partial,,,,False,-0.0600042191527493,-1,True,isolation_only
2010-08-23,12.760966666666668,1440,1.0,complete,,,,False,0.1229375065048679,1,False,normal
2010-08-24,12.049133333333334,1440,1.0,complete,,,,False,0.1042054648517408,1,False,normal
2010-08-25,16.340133333333334,1440,1.0,complete,,,,False,0.1672777177380582,1,False,normal
2010-08-26,12.620866666666666,1440,1.0,complete,,,,False,0.1196878871071284,1,False,normal
2010-08-27,33.844166666666666,1440,1.0,complete,,,,False,0.1863899867453941,1,False,normal
2010-08-28,24.0476,1440,1.0,complete,,,,False,0.2040796469625274,1,False,normal
2010-08-29,27.808,1440,1.0,complete,,,,False,0.2270486787752449,1,False,normal
2010-08-30,24.913366666666665,1440,1.0,complete,19.924409523809523,8.683653226368488,0.5745228434166214,False,0.2182395200487594,1,False,normal
2010-08-31,22.75176666666667,1440,1.0,complete,21.660466666666668,8.214950995165012,0.1328431539813561,False,0.2091985286948417,1,False,normal
2010-09-01,26.5553,1440,1.0,complete,23.189414285714285,7.039909571043165,0.4781149076304059,False,0.2260911850504654,1,False,normal
2010-09-02,23.2082,1440,1.0,complete,24.64872380952381,6.414455129936426,-0.2245746178503687,False,0.21006537311632,1,False,normal
2010-09-03,22.44023333333333,1440,1.0,complete,26.161200000000004,3.835450418862816,-0.9701511583533684,False,0.2086767242334981,1,False,normal
2010-09-04,29.064,1440,1.0,complete,24.53206666666667,2.020856571779204,2.2425803971547187,False,0.2088549732990831,1,False,normal
2010-09-05,22.0503,1440,1.0,complete,25.24869523809524,2.620813611685352,-1.2203825651067446,False,0.207417149907321,1,False,normal
2010-09-06,23.7146,1440,1.0,complete,24.426166666666667,2.587012511315553,-0.2750534307639737,False,0.2078802089251571,1,False,normal
2010-09-07,24.197566666666667,1440,1.0,complete,24.254914285714285,2.589062701618013,-0.022149953731047,False,0.2068044534473169,1,False,normal
2010-09-08,21.7302,1440,1.0,complete,24.461457142857142,2.5054836645300678,-1.090111734322333,False,0.2201374353959402,1,False,normal
2010-09-09,20.645233333333334,1440,1.0,complete,23.772157142857147,2.4971429207316884,-1.252200578334376,False,0.2113036375959966,1,False,normal
2010-09-10,22.13513333333333,1440,1.0,complete,23.40601904761905,2.7669339745603403,-0.4593119047908119,False,0.2075193077552096,1,False,normal
2010-09-11,24.3885,1440,1.0,complete,23.362433333333332,2.787013101538584,0.3681599724451314,False,0.2140679704864806,1,False,normal
2010-09-12,26.8682,1440,1.0,complete,22.694504761904764,1.415786146938173,2.947970106305541,False,0.2289141417696567,1,False,normal
2010-09-13,17.938666666666666,1440,1.0,complete,23.382776190476196,2.0702420040780987,-2.629697162498569,False,0.1883515248172462,1,False,normal
2010-09-14,23.84463333333333,1440,1.0,complete,22.55764285714286,2.900509095397976,0.4437119256865783,False,0.2053553963748765,1,False,normal
2010-09-15,16.4349,1440,1.0,complete,22.50722380952381,2.8701602132151827,-2.1156741639594863,False,0.1708902779501365,1,False,normal
2010-09-16,22.328966666666663,1440,1.0,complete,21.75075238095238,3.6898628065862047,0.1567034646063806,False,0.2095440518326203,1,False,normal
2010-09-17,24.96013333333333,1440,1.0,complete,21.991285714285716,3.660548469674404,0.811039013318048,False,0.2175464373989181,1,False,normal
2010-09-18,20.7991,1440,1.0,complete,22.394857142857145,3.8308172616931744,-0.4165578866980046,False,0.2149135978728345,1,False,normal
2010-09-19,15.326666666666666,1440,1.0,complete,21.882085714285715,3.7590391637213862,-1.7439081536807646,False,0.1581367924621357,1,False,normal
2010-09-20,28.0472,1440,1.0,complete,20.23329523809524,3.738646492725124,2.090035732747001,False,0.2211970362107334,1,False,normal
2010-09-21,18.52293333333333,1440,1.0,complete,21.67737142857143,4.565434638406927,-0.6909392741495508,False,0.2005287289828656,1,False,normal
2010-09-22,25.17323333333333,1440,1.0,complete,20.917128571428574,4.587425417112069,0.9277763396498137,False,0.2262181068185856,1,False,normal
2010-09-23,24.164366666666663,1440,1.0,complete,22.165461904761905,4.347078209276406,0.459827190971447,False,0.2060181732463688,1,False,normal
2010-09-24,22.1332,1440,1.0,complete,22.42766190476191,4.413429851136083,-0.0667195162705737,False,0.2075193077552096,1,False,normal
2010-09-25,1.7667666666666668,236,0.1638888888888889,partial,22.023814285714284,4.270086343513188,-4.743943327942464,False,-0.0573588745087065,-1,True,isolation_only
2010-09-28,7.840433333333333,287,0.1993055555555555,partial,,,,False,0.0521031622885439,1,False,normal
2010-09-29,28.073766666666668,1440,1.0,complete,,,,False,0.2205442784900492,1,False,normal
2010-09-30,20.80463333333333,1440,1.0,complete,,,,False,0.214410872176702,1,False,normal
2010-10-01,25.08033333333333,1440,1.0,complete,,,,False,0.2214618439869606,1,False,normal
2010-10-02,32.054233333333336,1440,1.0,complete,,,,False,0.1866222658109101,1,False,normal
2010-10-03,30.5114,1440,1.0,complete,,,,False,0.1982931947796161,1,False,normal
2010-10-04,29.59933333333333,1440,1.0,complete,,,,False,0.2115729467947367,1,False,normal
2010-10-05,30.9104,1440,1.0,complete,,,,False,0.2023648568319797,1,False,normal
2010-10-06,21.924266666666668,1440,1.0,complete,28.14772857142857,3.956485466291112,-1.5729773198423749,False,0.214827662496754,1,False,normal
2010-10-07,30.1659,1440,1.0,complete,27.26922857142857,4.605184314742531,0.6290022788660904,False,0.2039051548944835,1,False,normal
2010-10-08,25.174266666666668,1440,1.0,complete,28.606552380952383,3.681643754460924,-0.9322699161555026,False,0.2262181068185856,1,False,normal
2010-10-09,26.863,1440,1.0,complete,28.61997142857143,3.66679033955202,-0.4791578644733972,False,0.2292381802323116,1,False,normal
2010-10-10,33.31506666666667,1440,1.0,complete,27.87836666666667,3.369348571448966,1.6135760028123127,False,0.1801793905121893,1,False,normal
2010-10-11,27.043166666666668,1440,1.0,complete,28.27889047619048,3.8647329764840217,-0.3197436451736501,False,0.2282012002490442,1,False,normal
2010-10-12,26.3282,1440,1.0,complete,27.91372380952381,3.8398563994519326,-0.4129122666540648,False,0.2285310123529578,1,False,normal
2010-10-13,34.564766666666664,1440,1.0,complete,27.25912380952381,3.62861985816628,2.013339270219051,False,0.1809111647928432,1,False,normal
2010-10-14,35.585366666666665,1440,1.0,complete,29.06490952380953,3.676206716858907,1.7736916460531549,False,0.1698688050502496,1,False,normal
2010-10-15,26.6054,1440,1.0,complete,29.83911904761905,4.43838096544119,-0.7285807759176005,False,0.2283074201997461,1,False,normal
2010-10-16,16.6669,1440,1.0,complete,30.043566666666667,4.2150297133523935,-3.173564025964513,True,0.1704615379284965,1,False,zscore_only
2010-10-17,17.456366666666668,1440,1.0,complete,28.58698095238095,6.589974280365003,-1.6890224168064258,False,0.179476970994205,1,False,normal
2010-10-18,45.2314,1440,1.0,complete,26.321452380952383,7.373081761778611,2.5647277800546138,False,0.0754672518992514,1,False,normal
2010-10-19,32.09963333333334,1440,1.0,complete,28.91977142857143,10.295471677130791,0.3088602450167772,False,0.1897812212710296,1,False,normal
2010-10-20,28.7994,1440,1.0,complete,29.74426190476191,10.2844316791148,-0.0918730304447155,False,0.210943789677682,1,False,normal
2010-10-21,22.58663333333333,1440,1.0,complete,28.9206380952381,10.062506433757804,-0.6294659092743913,False,0.2113412933506308,1,False,normal
2010-10-22,27.814866666666667,1440,1.0,complete,27.063676190476198,9.82417995864762,0.0764634279250194,False,0.2271985531179024,1,False,normal
2010-10-23,38.2206,1440,1.0,complete,27.236457142857144,9.825412361334452,1.117931996459335,False,0.1360090784397616,1,False,normal
2010-10-24,39.84246666666667,1439,0.9993055555555556,partial,30.31555714285714,9.325611926853036,1.0215854571834426,False,0.1113458781168739,1,False,normal
2010-10-25,19.3882,1440,1.0,complete,,,,False,0.2050123203622374,1,False,normal
2010-10-26,15.765066666666666,1440,1.0,complete,,,,False,0.1612812039949223,1,False,normal
2010-10-27,21.00463333333333,1440,1.0,complete,,,,False,0.2137542454678395,1,False,normal
2010-10-28,24.388766666666665,1440,1.0,complete,,,,False,0.2146654312614814,1,False,normal
2010-10-29,20.0737,1440,1.0,complete,,,,False,0.2048769051862956,1,False,normal
2010-10-30,35.87833333333333,1440,1.0,complete,,,,False,0.1655332824426344,1,False,normal
2010-10-31,24.607166666666668,1440,1.0,complete,,,,False,0.2172492425459503,1,False,normal
2010-11-01,23.053,1440,1.0,complete,23.01512380952381,6.43293097128947,0.0058878589938604,False,0.2100157855805626,1,False,normal
2010-11-02,19.851366666666667,1440,1.0,complete,23.538666666666668,6.234631554351717,-0.5914222785829739,False,0.202891199222027,1,False,normal
2010-11-03,21.554966666666665,1440,1.0,complete,24.122423809523813,5.53783503468415,-0.4636210950266384,False,0.2207248678307751,1,False,normal
2010-11-04,42.585766666666665,1440,1.0,complete,24.201042857142856,5.489894553824867,3.348830042047889,True,0.0861488143531307,1,False,zscore_only
2010-11-05,28.9348,1440,1.0,complete,26.80061428571429,8.864649657589311,0.2407524038424427,False,0.2122245277813457,1,False,normal
2010-11-06,30.09013333333333,1440,1.0,complete,28.06648571428571,8.362400381576943,0.2419936294255751,False,0.2068796866547083,1,False,normal
2010-11-07,27.896933333333333,1440,1.0,complete,27.2396,7.7229360503008415,0.0851144343358544,False,0.2300140469846107,1,False,normal
2010-11-08,30.425666666666668,1440,1.0,complete,27.709566666666667,7.635648287303882,0.355713083919302,False,0.2014474641809596,1,False,normal
2010-11-09,33.701633333333334,1440,1.0,complete,28.762804761904764,7.3908407426185665,0.6682363676096135,False,0.1879629381761081,1,False,normal
2010-11-10,32.442233333333334,1440,1.0,complete,30.74141428571429,6.3942837818272364,0.2659905480662007,False,0.1958334752767961,1,False,normal
2010-11-11,29.559866666666668,1440,1.0,complete,32.2967380952381,4.947894013334849,-0.5531386527673005,False,0.2118685880028115,1,False,normal
2010-11-12,30.6137,1440,1.0,complete,30.43589523809524,2.0115141188985683,0.088393494350476,False,0.1980913990303059,1,False,normal
2010-11-13,33.719566666666665,1440,1.0,complete,30.675738095238096,1.899683734635684,1.6022817461309196,False,0.1880755621781533,1,False,normal
2010-11-14,33.9732,1440,1.0,complete,31.19422857142857,2.186813609174082,1.27078568420881,False,0.1874684067410981,1,False,normal
2010-11-15,29.12303333333333,1440,1.0,complete,32.062266666666666,1.837979775812394,-1.5991652204302331,False,0.2093745028639917,1,False,normal
2010-11-16,25.162466666666667,1440,1.0,complete,31.87617619047619,2.081155260436238,-3.225953224846011,True,0.2248968240622654,1,False,zscore_only
2010-11-17,26.3672,1440,1.0,complete,30.656295238095243,3.0906331156161326,-1.387772368199773,False,0.2281373513521911,1,False,normal
2010-11-18,27.535866666666667,1440,1.0,complete,29.788433333333334,3.3477990633979378,-0.6728500199711401,False,0.2275258218852145,1,False,normal
2010-11-19,26.17333333333333,1440,1.0,complete,29.49929047619048,3.456470746709189,-0.962240790269584,False,0.2261530027224104,1,False,normal
2010-11-20,36.61676666666666,1440,1.0,complete,28.86495238095238,3.621383914403708,2.140566829957516,False,0.1680981853180454,1,False,normal
2010-11-21,15.015166666666667,1440,1.0,complete,29.278838095238097,4.359104722660485,-3.2721561733588973,True,0.1512714851587104,1,False,zscore_only
2010-11-22,34.0256,1440,1.0,complete,26.57054761904762,6.378116123434923,1.1688486438120027,False,0.1884139365248526,1,False,normal
2010-11-23,26.292266666666663,1440,1.0,complete,27.270914285714287,6.948755525401529,-0.1408378256322485,False,0.2251260485707308,1,False,normal
2010-11-24,29.937466666666666,1440,1.0,complete,27.432314285714288,6.904600763148072,0.3628236399015463,False,0.2130651827585933,1,False,normal
2010-11-25,23.852733333333333,1440,1.0,complete,27.942352380952386,6.944559239562886,-0.5888954081233331,False,0.2053553963748765,1,False,normal
2010-11-26,24.80173333333333,1263,0.8770833333333333,partial,27.41619047619048,7.117856033237362,-0.3673096408031779,False,0.2210407388983992,1,False,normal
