date,consumption_kwh,valid_measurements,coverage,data_quality,isolation_score,isolation_prediction,anomaly_isolation_forest
2006-12-16,20.152933333333333,396,0.275,partial,0.20849502665527492,1,False
2006-12-17,56.507666666666665,1440,1.0,complete,-0.05413717348697755,-1,True
2006-12-18,36.73043333333333,1440,1.0,complete,0.16524020710489434,1,False
2006-12-19,27.7699,1440,1.0,complete,0.22645075820087562,1,False
2006-12-20,37.0958,1440,1.0,complete,0.154309345494337,1,False
2006-12-21,28.6104,1438,0.9986111111111112,partial,0.21345718040339295,1,False
2006-12-22,39.0223,1440,1.0,complete,0.12231376291786589,1,False
2006-12-23,79.55643333333333,1440,1.0,complete,-0.1489621834638103,-1,True
2006-12-24,42.5002,1440,1.0,complete,0.08586259619975789,1,False
2006-12-25,45.71866666666666,1440,1.0,complete,0.07099608463255258,1,False
2006-12-26,65.5685,1440,1.0,complete,-0.13153767386789095,-1,True
2006-12-27,25.479333333333333,1440,1.0,complete,0.22196414284530086,1,False
2006-12-28,34.54396666666667,1440,1.0,complete,0.1804675043098944,1,False
2006-12-29,52.906533333333336,1440,1.0,complete,-0.013017779741068103,-1,True
2006-12-30,46.48836666666666,1438,0.9986111111111112,partial,0.061611127555206924,1,False
2006-12-31,58.2366,1440,1.0,complete,-0.0731395167281369,-1,True
2007-01-01,45.81673333333333,1440,1.0,complete,0.0695531102644753,1,False
2007-01-02,21.15393333333333,1440,1.0,complete,0.21460308627430968,1,False
2007-01-03,16.9009,1440,1.0,complete,0.17466215241626531,1,False
2007-01-04,54.32353333333333,1440,1.0,complete,-0.0301801006682082,-1,True
2007-01-05,45.22273333333333,1440,1.0,complete,0.07582840523580059,1,False
2007-01-06,25.13963333333333,1440,1.0,complete,0.22381908313746635,1,False
2007-01-07,40.79366666666667,1440,1.0,complete,0.10608304225050191,1,False
2007-01-08,37.356,1440,1.0,complete,0.14866101009195687,1,False
2007-01-09,31.1509,1440,1.0,complete,0.20064492392385114,1,False
2007-01-10,35.913333333333334,1440,1.0,complete,0.16423951713682833,1,False
2007-01-11,37.58656666666667,1440,1.0,complete,0.14420360444582736,1,False
2007-01-12,24.35493333333333,1440,1.0,complete,0.21438888469125,1,False
2007-01-13,53.11356666666666,1440,1.0,complete,-0.014773729295856741,-1,True
2007-01-14,50.13026666666666,1439,0.9993055555555556,partial,0.011875593583556388,1,False
2007-01-15,35.8113,1440,1.0,complete,0.16634230751620183,1,False
2007-01-16,28.10673333333333,1440,1.0,complete,0.2230089945079804,1,False
2007-01-17,47.46146666666667,1440,1.0,complete,0.04109159753746361,1,False
2007-01-18,30.3577,1440,1.0,complete,0.20134326412572762,1,False
2007-01-19,24.674,1440,1.0,complete,0.22061512488526563,1,False
2007-01-20,52.22886666666667,1440,1.0,complete,-0.0037823219525967566,-1,True
2007-01-21,56.7877,1440,1.0,complete,-0.05581179726944274,-1,True
2007-01-22,36.341566666666665,1440,1.0,complete,0.16445999234278225,1,False
2007-01-23,29.627333333333333,1440,1.0,complete,0.21170432734781752,1,False
2007-01-24,49.79756666666667,1440,1.0,complete,0.016738375301871722,1,False
2007-01-25,26.605733333333333,1440,1.0,complete,0.22830742019974615,1,False
2007-01-26,26.9662,1440,1.0,complete,0.22766156475632898,1,False
2007-01-27,34.06786666666667,1440,1.0,complete,0.19028332357414973,1,False
2007-01-28,51.5034,1439,0.9993055555555556,partial,-0.003415728063366874,-1,True
2007-01-29,33.0444,1440,1.0,complete,0.18913643397710406,1,False
2007-01-30,28.4633,1440,1.0,complete,0.21057868781271943,1,False
2007-01-31,39.39586666666667,1440,1.0,complete,0.11827883645299431,1,False
2007-02-01,30.412666666666667,1440,1.0,complete,0.20238197811216102,1,False
2007-02-02,27.7956,1440,1.0,complete,0.22770975519083997,1,False
2007-02-03,67.16203333333333,1440,1.0,complete,-0.1360579183551105,-1,True
2007-02-04,59.93233333333333,1440,1.0,complete,-0.0892284750759138,-1,True
2007-02-05,27.421333333333333,1440,1.0,complete,0.22942950114671035,1,False
2007-02-06,21.224666666666668,1440,1.0,complete,0.21598083777572313,1,False
2007-02-07,38.8003,1440,1.0,complete,0.1254164320356913,1,False
2007-02-08,30.023566666666667,1440,1.0,complete,0.21062877014327208,1,False
2007-02-09,27.0033,1440,1.0,complete,0.22739891291621733,1,False
2007-02-10,47.15546666666667,1440,1.0,complete,0.04966261012870099,1,False
2007-02-11,59.52046666666666,1440,1.0,complete,-0.0872246280814779,-1,True
2007-02-12,31.2935,1440,1.0,complete,0.19695359099657728,1,False
2007-02-13,23.575766666666667,1440,1.0,complete,0.2086060670047894,1,False
2007-02-14,41.644533333333335,1440,1.0,complete,0.09295541304696098,1,False
2007-02-15,33.0891,1440,1.0,complete,0.18803804921819,1,False
2007-02-16,28.375466666666668,1440,1.0,complete,0.20929953033680881,1,False
2007-02-17,34.6152,1440,1.0,complete,0.1821976649884709,1,False
2007-02-18,63.829366666666665,1440,1.0,complete,-0.11682998653998633,-1,True
2007-02-19,36.44356666666667,1440,1.0,complete,0.16727670364948533,1,False
2007-02-20,52.4988,1440,1.0,complete,-0.00734257448683584,-1,True
2007-02-21,34.5479,1440,1.0,complete,0.18062706098651676,1,False
2007-02-22,56.15796666666667,1438,0.9986111111111112,partial,-0.04937432756117166,-1,True
2007-02-23,21.89133333333333,1440,1.0,complete,0.2146185036453328,1,False
2007-02-24,11.915366666666667,1440,1.0,complete,0.1042874608187474,1,False
2007-02-25,8.362333333333334,1440,1.0,complete,0.09932488856626187,1,False
2007-02-26,9.474733333333331,1440,1.0,complete,0.09832525292436245,1,False
2007-02-27,8.6352,1440,1.0,complete,0.11252427214761385,1,False
2007-02-28,8.679566666666666,1440,1.0,complete,0.11254611194212227,1,False
2007-03-01,8.626066666666667,1440,1.0,complete,0.11307169950568696,1,False
2007-03-02,8.5948,1440,1.0,complete,0.11203572131315598,1,False
2007-03-03,13.652033333333334,1440,1.0,complete,0.1397245978914976,1,False
2007-03-04,34.845,1440,1.0,complete,0.1802392824764153,1,False
2007-03-05,44.33886666666667,1440,1.0,complete,0.07589783998208788,1,False
2007-03-06,20.775,1440,1.0,complete,0.21286280065842417,1,False
2007-03-07,39.58676666666667,1440,1.0,complete,0.1154563547606795,1,False
2007-03-08,26.2022,1440,1.0,complete,0.22693700231153335,1,False
2007-03-09,21.2102,1440,1.0,complete,0.21508229540091622,1,False
2007-03-10,41.41186666666667,1440,1.0,complete,0.09665065307092402,1,False
2007-03-11,58.0106,1440,1.0,complete,-0.07023721278681638,-1,True
2007-03-12,32.51113333333333,1440,1.0,complete,0.19494101821488813,1,False
2007-03-13,21.5024,1440,1.0,complete,0.21919432253643362,1,False
2007-03-14,29.8894,1440,1.0,complete,0.21534917917382473,1,False
2007-03-15,31.413566666666668,1440,1.0,complete,0.19525596833382775,1,False
2007-03-16,28.367566666666665,1440,1.0,complete,0.209956717729617,1,False
2007-03-17,33.8015,1440,1.0,complete,0.18685326551381792,1,False
2007-03-18,39.51743333333334,1440,1.0,complete,0.11717412366875879,1,False
2007-03-19,35.8753,1440,1.0,complete,0.16615009121661645,1,False
2007-03-20,34.770466666666664,1440,1.0,complete,0.1780512352433134,1,False
2007-03-21,35.70153333333333,1440,1.0,complete,0.17143417142970357,1,False
2007-03-22,24.24963333333333,1440,1.0,complete,0.2104728828094971,1,False
2007-03-23,21.8168,1440,1.0,complete,0.2175022951746462,1,False
2007-03-24,49.47383333333333,1440,1.0,complete,0.016093131603033606,1,False
2007-03-25,55.602066666666666,1439,0.9993055555555556,partial,-0.03872654190042124,-1,True
2007-03-26,23.601366666666667,1440,1.0,complete,0.2091587890958599,1,False
2007-03-27,18.419,1440,1.0,complete,0.19551962947453122,1,False
2007-03-28,38.8983,1440,1.0,complete,0.12441263950411485,1,False
2007-03-29,26.506766666666667,1440,1.0,complete,0.22763869103330348,1,False
2007-03-30,23.37323333333333,1440,1.0,complete,0.21071093156628928,1,False
2007-03-31,58.49183333333333,1440,1.0,complete,-0.074613275028384,-1,True
2007-04-01,46.43253333333333,1440,1.0,complete,0.06369636668971812,1,False
2007-04-02,32.679633333333335,1440,1.0,complete,0.19058055794354667,1,False
2007-04-03,27.380333333333333,1440,1.0,complete,0.2279247943274067,1,False
2007-04-04,34.1978,1440,1.0,complete,0.18633379795255944,1,False
2007-04-05,30.73463333333333,1440,1.0,complete,0.19928539711036614,1,False
2007-04-06,26.685666666666663,1440,1.0,complete,0.22845059204966722,1,False
2007-04-07,25.89873333333333,1440,1.0,complete,0.22444252320683766,1,False
2007-04-08,26.8136,1440,1.0,complete,0.22917047601933926,1,False
2007-04-09,16.682,1440,1.0,complete,0.17130943240154606,1,False
2007-04-10,12.956066666666668,1440,1.0,complete,0.12471661784759591,1,False
2007-04-11,14.791366666666669,1440,1.0,complete,0.14261579226175825,1,False
2007-04-12,8.961766666666666,1440,1.0,complete,0.11859003347120689,1,False
2007-04-13,9.1837,1440,1.0,complete,0.11280130035559466,1,False
2007-04-14,9.2378,1440,1.0,complete,0.11028229593870364,1,False
2007-04-15,12.102733333333331,1440,1.0,complete,0.10921388440424007,1,False
2007-04-16,15.873166666666666,1440,1.0,complete,0.1613759751322265,1,False
2007-04-17,20.395566666666667,1440,1.0,complete,0.21481040969411808,1,False
2007-04-18,16.637433333333334,1440,1.0,complete,0.17145370471487786,1,False
2007-04-19,17.1443,1440,1.0,complete,0.17707470802909336,1,False
2007-04-20,13.709666666666667,1440,1.0,complete,0.13963789202038046,1,False
2007-04-21,27.894266666666667,1440,1.0,complete,0.23008962330965443,1,False
2007-04-22,37.228566666666666,1440,1.0,complete,0.15011903209990507,1,False
2007-04-23,17.5761,1440,1.0,complete,0.18242601934215436,1,False
2007-04-24,17.201666666666668,1440,1.0,complete,0.17695990257613398,1,False
2007-04-25,21.069366666666667,1440,1.0,complete,0.2148125888481653,1,False
2007-04-26,21.257766666666665,1440,1.0,complete,0.21654634978768522,1,False
2007-04-27,18.238866666666667,1440,1.0,complete,0.1958439185147774,1,False
2007-04-28,0.3789666666666667,21,0.0145833333333333,partial,-0.07097991282608762,-1,True
2007-04-30,7.0137,576,0.4,partial,0.022237156735966268,1,False
2007-05-01,27.730966666666667,1440,1.0,complete,0.22591362971027373,1,False
2007-05-02,16.724766666666667,1440,1.0,complete,0.1718379671563186,1,False
2007-05-03,18.17063333333333,1440,1.0,complete,0.1926449166904038,1,False
2007-05-04,16.635466666666666,1440,1.0,complete,0.17145370471487786,1,False
2007-05-05,26.050866666666668,1440,1.0,complete,0.22297951254533294,1,False
2007-05-06,35.035066666666665,1440,1.0,complete,0.18082502796293543,1,False
2007-05-07,27.3944,1440,1.0,complete,0.22844099742792967,1,False
2007-05-08,29.82153333333333,1440,1.0,complete,0.21459350737046073,1,False
2007-05-09,27.762266666666665,1440,1.0,complete,0.22645075820087562,1,False
2007-05-10,11.798066666666667,1440,1.0,complete,0.10084965040345528,1,False
2007-05-11,16.319233333333333,1440,1.0,complete,0.168077911970142,1,False
2007-05-12,24.0261,1440,1.0,complete,0.20472771865613754,1,False
2007-05-13,27.24563333333333,1440,1.0,complete,0.22696426277724358,1,False
2007-05-14,24.46303333333333,1440,1.0,complete,0.21722843491058585,1,False
2007-05-15,15.0732,1440,1.0,complete,0.1526978158712638,1,False
2007-05-16,28.215733333333333,1440,1.0,complete,0.2189922499661185,1,False
2007-05-17,20.530266666666662,1440,1.0,complete,0.21175303560699843,1,False
2007-05-18,27.192166666666665,1440,1.0,complete,0.22667579488259554,1,False
2007-05-19,23.824033333333333,1440,1.0,complete,0.20659695188612692,1,False
2007-05-20,32.80546666666667,1440,1.0,complete,0.1882776600503156,1,False
2007-05-21,18.6677,1440,1.0,complete,0.2037148905194287,1,False
2007-05-22,18.880866666666662,1440,1.0,complete,0.20466103360956867,1,False
2007-05-23,24.4156,1440,1.0,complete,0.21439709077086166,1,False
2007-05-24,19.2398,1440,1.0,complete,0.20827603787848986,1,False
2007-05-25,26.903666666666663,1440,1.0,complete,0.22772145807201705,1,False
2007-05-26,25.20413333333333,1440,1.0,complete,0.22540590561078544,1,False
2007-05-27,35.8968,1440,1.0,complete,0.16522833807041815,1,False
2007-05-28,27.29113333333333,1440,1.0,complete,0.22836168904623222,1,False
2007-05-29,17.689,1440,1.0,complete,0.1862324061946221,1,False
2007-05-30,26.8311,1440,1.0,complete,0.22943948636396655,1,False
2007-05-31,15.6425,1440,1.0,complete,0.16188326337550052,1,False
2007-06-01,17.4153,1439,0.9993055555555556,partial,0.179161145098309,1,False
2007-06-02,24.739366666666665,1440,1.0,complete,0.22010449076654182,1,False
2007-06-03,35.133766666666666,1440,1.0,complete,0.1727192260628025,1,False
2007-06-04,15.193633333333333,1440,1.0,complete,0.15922757505529672,1,False
2007-06-05,24.314866666666667,1440,1.0,complete,0.21397814010384542,1,False
2007-06-06,28.2273,1439,0.9993055555555556,partial,0.21909623237422665,1,False
2007-06-07,16.4167,1440,1.0,complete,0.1665515258011952,1,False
2007-06-08,35.80076666666667,1440,1.0,complete,0.16744278513444472,1,False
2007-06-09,17.663566666666668,1402,0.9736111111111112,partial,0.18640003367248514,1,False
2007-06-10,22.346866666666667,1440,1.0,complete,0.20925615911633938,1,False
2007-06-11,13.244233333333334,1440,1.0,complete,0.13096401058260976,1,False
2007-06-12,15.312766666666668,1440,1.0,complete,0.15869255110430414,1,False
2007-06-13,15.454533333333334,1440,1.0,complete,0.1578417946467941,1,False
2007-06-14,20.98473333333333,1440,1.0,complete,0.21291874255253207,1,False
2007-06-15,16.4934,1440,1.0,complete,0.1716087552484304,1,False
2007-06-16,33.62936666666667,1440,1.0,complete,0.18316428532912737,1,False
2007-06-17,32.4515,1440,1.0,complete,0.19570743731397594,1,False
2007-06-18,11.3079,1440,1.0,complete,0.08459595584067636,1,False
2007-06-19,14.039333333333332,1438,0.9986111111111112,partial,0.13517997042747998,1,False
2007-06-20,17.904766666666667,1440,1.0,complete,0.18888830304622167,1,False
2007-06-21,13.4491,1440,1.0,complete,0.13488530997819226,1,False
2007-06-22,9.438233333333333,1440,1.0,complete,0.1020611324156584,1,False
2007-06-23,7.959433333333333,1440,1.0,complete,0.058646674713327185,1,False
2007-06-24,11.910933333333334,1440,1.0,complete,0.10463056675675997,1,False
2007-06-25,17.870033333333332,1440,1.0,complete,0.18712979064672092,1,False
2007-06-26,15.748466666666667,1440,1.0,complete,0.16259144429861688,1,False
2007-06-27,24.680433333333333,1440,1.0,complete,0.22099137432168764,1,False
2007-06-28,21.590633333333333,1440,1.0,complete,0.22122830302844249,1,False
2007-06-29,21.736633333333334,1439,0.9993055555555556,partial,0.21979717585588687,1,False
2007-06-30,22.255233333333333,1440,1.0,complete,0.21004506496403602,1,False
2007-07-01,17.111066666666666,1440,1.0,complete,0.17658461656377222,1,False
2007-07-02,16.1172,1440,1.0,complete,0.1655261028893999,1,False
2007-07-03,17.6652,1440,1.0,complete,0.1868725240690874,1,False
2007-07-04,16.7235,1440,1.0,complete,0.17200044265257647,1,False
2007-07-05,17.6215,1440,1.0,complete,0.18345718984060355,1,False
2007-07-06,17.8254,1440,1.0,complete,0.187539524442784,1,False
2007-07-07,22.636766666666663,1440,1.0,complete,0.21116811780975547,1,False
2007-07-08,18.151333333333334,1440,1.0,complete,0.19034032216038788,1,False
2007-07-09,19.6693,1440,1.0,complete,0.20084053161519333,1,False
2007-07-10,15.138733333333333,1440,1.0,complete,0.15835724761785025,1,False
2007-07-11,12.0392,1440,1.0,complete,0.10463668410894822,1,False
2007-07-12,17.826366666666665,1440,1.0,complete,0.187539524442784,1,False
2007-07-13,13.2397,1440,1.0,complete,0.13067399634755983,1,False
2007-07-14,21.4695,1440,1.0,complete,0.22053521066679976,1,False
2007-07-15,15.283733333333334,1310,0.9097222222222222,partial,0.1583434180857229,1,False
2007-07-16,14.2279,1440,1.0,complete,0.13592871618394542,1,False
2007-07-17,11.993866666666667,1440,1.0,complete,0.10436750165528808,1,False
2007-07-18,12.618033333333331,1440,1.0,complete,0.11986800163488187,1,False
2007-07-19,11.2981,1440,1.0,complete,0.0840196143652,1,False
2007-07-20,18.50703333333333,1440,1.0,complete,0.19913122040987608,1,False
2007-07-21,17.6708,1440,1.0,complete,0.187205638793844,1,False
2007-07-22,22.929566666666663,1439,0.9993055555555556,partial,0.20995555271725946,1,False
2007-07-23,16.516966666666665,1440,1.0,complete,0.1698308829300344,1,False
2007-07-24,13.754733333333334,1440,1.0,complete,0.1409353255338348,1,False
2007-07-25,7.876,1440,1.0,complete,0.05349249553344271,1,False
2007-07-26,15.408333333333331,1440,1.0,complete,0.15828489150099023,1,False
2007-07-27,20.0419,1440,1.0,complete,0.20537048837374705,1,False
2007-07-28,27.031033333333333,1440,1.0,complete,0.22768622989229975,1,False
2007-07-29,5.351933333333333,1440,1.0,complete,0.007129179240470407,1,False
2007-07-30,7.780266666666667,1440,1.0,complete,0.049050296434326346,1,False
2007-07-31,13.538866666666667,1440,1.0,complete,0.1378793105829662,1,False
2007-08-01,17.6723,1419,0.9854166666666668,partial,0.187205638793844,1,False
2007-08-02,16.990266666666667,1440,1.0,complete,0.1757071383474521,1,False
2007-08-03,17.722733333333334,1440,1.0,complete,0.1869947334131361,1,False
2007-08-04,19.083166666666667,1440,1.0,complete,0.20773317112025752,1,False
2007-08-05,13.1183,1440,1.0,complete,0.12912467102149638,1,False
2007-08-06,18.162,1440,1.0,complete,0.19144135008938684,1,False
2007-08-07,24.726333333333333,1440,1.0,complete,0.21862021879633348,1,False
2007-08-08,18.758033333333334,1440,1.0,complete,0.2037168422535579,1,False
2007-08-09,17.861333333333334,1440,1.0,complete,0.18712979064672092,1,False
2007-08-10,17.1335,1440,1.0,complete,0.17493558048172808,1,False
2007-08-11,18.194166666666668,1440,1.0,complete,0.19350586380134266,1,False
2007-08-12,20.6984,1440,1.0,complete,0.21177312676764082,1,False
2007-08-13,19.216866666666668,1440,1.0,complete,0.20761786852045616,1,False
2007-08-14,15.6865,1440,1.0,complete,0.16328442230776774,1,False
2007-08-15,19.86433333333333,1440,1.0,complete,0.20319509217363724,1,False
2007-08-16,15.974933333333333,1440,1.0,complete,0.16260007757120493,1,False
2007-08-17,16.831533333333333,1440,1.0,complete,0.1723649920398055,1,False
2007-08-18,5.799333333333333,1440,1.0,complete,0.006941922223646979,1,False
2007-08-19,23.7049,1440,1.0,complete,0.20788020892515718,1,False
2007-08-20,22.31403333333333,1440,1.0,complete,0.2094341342210168,1,False
2007-08-21,10.709266666666666,1440,1.0,complete,0.07795384672640193,1,False
2007-08-22,20.163466666666668,1440,1.0,complete,0.20900915671504466,1,False
2007-08-23,18.538533333333334,1440,1.0,complete,0.2012459428594483,1,False
2007-08-24,27.603566666666666,1439,0.9993055555555556,partial,0.22824289128616004,1,False
2007-08-25,19.18133333333333,1440,1.0,complete,0.20719329759800353,1,False
2007-08-26,21.9151,1440,1.0,complete,0.21527131691140583,1,False
2007-08-27,20.1955,1440,1.0,complete,0.21129571242046918,1,False
2007-08-28,16.616733333333332,1440,1.0,complete,0.17080273248195982,1,False
2007-08-29,12.466533333333333,1440,1.0,complete,0.12071578701628505,1,False
2007-08-30,20.040966666666662,1440,1.0,complete,0.20509256513700508,1,False
2007-08-31,21.330366666666663,1440,1.0,complete,0.21734338482566595,1,False
2007-09-01,28.3581,1440,1.0,complete,0.21062878408941416,1,False
2007-09-02,27.7078,1440,1.0,complete,0.22750279680244173,1,False
2007-09-03,17.315366666666666,1440,1.0,complete,0.1768834031259527,1,False
2007-09-04,26.41573333333333,1440,1.0,complete,0.2269436149475479,1,False
2007-09-05,20.60953333333333,1440,1.0,complete,0.21007778749675599,1,False
2007-09-06,15.024566666666669,1440,1.0,complete,0.1516454112961828,1,False
2007-09-07,22.274933333333333,1440,1.0,complete,0.2099732426914347,1,False
2007-09-08,24.495866666666668,1440,1.0,complete,0.2181735912406853,1,False
2007-09-09,27.9917,1440,1.0,complete,0.2241371724067623,1,False
2007-09-10,18.62293333333333,1440,1.0,complete,0.20200078197179672,1,False
2007-09-11,16.392866666666666,1440,1.0,complete,0.16605794922717604,1,False
2007-09-12,21.462733333333333,1440,1.0,complete,0.2209514344321858,1,False
2007-09-13,19.106366666666663,1440,1.0,complete,0.20702743575853644,1,False
2007-09-14,18.9245,1440,1.0,complete,0.206076383599549,1,False
2007-09-15,18.2552,1440,1.0,complete,0.19661500420653288,1,False
2007-09-16,27.537066666666668,1440,1.0,complete,0.22752582188521459,1,False
2007-09-17,24.3531,1440,1.0,complete,0.2140486586483224,1,False
2007-09-18,19.458666666666662,1440,1.0,complete,0.2064944770497364,1,False
2007-09-19,21.64473333333333,1440,1.0,complete,0.2202596048308887,1,False
2007-09-20,20.92553333333333,1440,1.0,complete,0.212209249633463,1,False
2007-09-21,20.64633333333333,1440,1.0,complete,0.21115446035088437,1,False
2007-09-22,19.602866666666667,1440,1.0,complete,0.19888959371973441,1,False
2007-09-23,23.63283333333333,1440,1.0,complete,0.20947578133753297,1,False
2007-09-24,22.5755,1440,1.0,complete,0.2100541119773766,1,False
2007-09-25,29.4057,1440,1.0,complete,0.20775291209805197,1,False
2007-09-26,30.371066666666668,1438,0.9986111111111112,partial,0.20165381018505024,1,False
2007-09-27,23.21,1440,1.0,complete,0.21006537311632006,1,False
2007-09-28,28.0083,1440,1.0,complete,0.22375648111455587,1,False
2007-09-29,38.27536666666666,1440,1.0,complete,0.1329132985910746,1,False
2007-09-30,25.2715,1440,1.0,complete,0.2261664712072295,1,False
2007-10-01,28.682033333333333,1440,1.0,complete,0.2111235214782916,1,False
2007-10-02,36.647733333333335,1440,1.0,complete,0.1682553418067469,1,False
2007-10-03,21.3409,1440,1.0,complete,0.2175209666075107,1,False
2007-10-04,25.30763333333333,1440,1.0,complete,0.22381590971586313,1,False
2007-10-05,23.234866666666665,1440,1.0,complete,0.21101371769223798,1,False
2007-10-06,29.270666666666667,1440,1.0,complete,0.2111753726143466,1,False
2007-10-07,35.1019,1440,1.0,complete,0.17470078801623323,1,False
2007-10-08,18.25403333333333,1440,1.0,complete,0.19661500420653288,1,False
2007-10-09,28.130966666666662,1440,1.0,complete,0.22248397684175425,1,False
2007-10-10,19.44953333333333,1440,1.0,complete,0.2064944770497364,1,False
2007-10-11,28.8741,1440,1.0,complete,0.21194596552858747,1,False
2007-10-12,31.9084,1440,1.0,complete,0.18762163730400172,1,False
2007-10-13,32.11213333333333,1440,1.0,complete,0.19048044143694326,1,False
2007-10-14,34.3542,1440,1.0,complete,0.1856127626858698,1,False
2007-10-15,21.1055,1440,1.0,complete,0.21423681275592293,1,False
2007-10-16,32.7407,1440,1.0,complete,0.18963517466583485,1,False
2007-10-17,26.282166666666665,1440,1.0,complete,0.22515601073514324,1,False
2007-10-18,25.30883333333333,1440,1.0,complete,0.2237225333838599,1,False
2007-10-19,34.7608,1440,1.0,complete,0.17943958479639605,1,False
2007-10-20,27.670766666666665,1440,1.0,complete,0.2276422539068204,1,False
2007-10-21,32.36566666666667,1440,1.0,complete,0.1953158422645968,1,False
2007-10-22,27.548266666666667,1440,1.0,complete,0.22792746099569006,1,False
2007-10-23,32.577466666666666,1438,0.9986111111111112,partial,0.19328521806440535,1,False
2007-10-24,31.09393333333333,1440,1.0,complete,0.20252831638855923,1,False
2007-10-25,30.898633333333333,1440,1.0,complete,0.20225414846373935,1,False
2007-10-26,23.959466666666668,1440,1.0,complete,0.20528655781734434,1,False
2007-10-27,29.761466666666667,1440,1.0,complete,0.2149913836083212,1,False
2007-10-28,8.535966666666667,1440,1.0,complete,0.11070671000657295,1,False
2007-10-29,9.090466666666666,1440,1.0,complete,0.11601837734337961,1,False
2007-10-30,13.5168,1440,1.0,complete,0.1390525376859909,1,False
2007-10-31,21.38683333333333,1440,1.0,complete,0.21713916565519437,1,False
2007-11-01,8.270266666666666,1440,1.0,complete,0.09025458789553686,1,False
2007-11-02,24.060033333333333,1440,1.0,complete,0.2041304416146617,1,False
2007-11-03,8.209166666666667,1440,1.0,complete,0.07681135376699055,1,False
2007-11-04,24.761433333333333,1440,1.0,complete,0.21904591808286406,1,False
2007-11-05,25.009866666666667,1440,1.0,complete,0.21950057909320153,1,False
2007-11-06,34.7063,1440,1.0,complete,0.18119129958225683,1,False
2007-11-07,30.745966666666668,1440,1.0,complete,0.19907661675227656,1,False
2007-11-08,25.017666666666667,1440,1.0,complete,0.21947022013309136,1,False
2007-11-09,36.1871,1440,1.0,complete,0.1592446910659162,1,False
2007-11-10,43.52666666666666,1440,1.0,complete,0.08047911026371912,1,False
2007-11-11,31.452066666666667,1440,1.0,complete,0.19493641795224387,1,False
2007-11-12,35.935766666666666,1440,1.0,complete,0.16373223856539287,1,False
2007-11-13,36.90663333333333,1440,1.0,complete,0.15974450087690684,1,False
2007-11-14,34.13323333333334,1440,1.0,complete,0.1898032415598172,1,False
2007-11-15,24.866466666666668,1440,1.0,complete,0.21830138316179099,1,False
2007-11-16,38.4959,1440,1.0,complete,0.12849637342129772,1,False
2007-11-17,43.50156666666667,1440,1.0,complete,0.08051922041678405,1,False
2007-11-18,36.39763333333333,1440,1.0,complete,0.1652272307317023,1,False
2007-11-19,28.727566666666668,1440,1.0,complete,0.21112270735628885,1,False
2007-11-20,34.930933333333336,1440,1.0,complete,0.17962128959320772,1,False
2007-11-21,29.197266666666668,1439,0.9993055555555556,partial,0.20861544944263205,1,False
2007-11-22,32.2063,1440,1.0,complete,0.19235772209794505,1,False
2007-11-23,42.04363333333333,1440,1.0,complete,0.08800069651229347,1,False
2007-11-24,31.6509,1440,1.0,complete,0.19233993654025372,1,False
2007-11-25,23.259966666666667,1440,1.0,complete,0.21082001334941164,1,False
2007-11-26,26.161933333333334,1440,1.0,complete,0.2251018153905594,1,False
2007-11-27,46.68353333333334,1440,1.0,complete,0.0593917214595161,1,False
2007-11-28,27.415666666666667,1440,1.0,complete,0.22946444655910203,1,False
2007-11-29,28.65383333333333,1439,0.9993055555555556,partial,0.2137565563525976,1,False
2007-11-30,38.86213333333333,1440,1.0,complete,0.12324603386762434,1,False
2007-12-01,52.24903333333334,1440,1.0,complete,-0.003338643818575404,-1,True
2007-12-02,49.10313333333333,1440,1.0,complete,0.021118019780354103,1,False
2007-12-03,29.36766666666667,1440,1.0,complete,0.20754134670361785,1,False
2007-12-04,34.4606,1440,1.0,complete,0.18060235380435485,1,False
2007-12-05,35.885333333333335,1440,1.0,complete,0.16506357122996684,1,False
2007-12-06,41.46556666666667,1440,1.0,complete,0.0958213562205914,1,False
2007-12-07,29.4836,1440,1.0,complete,0.20995542145322427,1,False
2007-12-08,36.89006666666667,1440,1.0,complete,0.15959781418782448,1,False
2007-12-09,37.909733333333335,1440,1.0,complete,0.14040593922292433,1,False
2007-12-10,29.312566666666665,1440,1.0,complete,0.21028588083393984,1,False
2007-12-11,38.4184,1440,1.0,complete,0.12909090940006474,1,False
2007-12-12,26.4677,1440,1.0,complete,0.22718442635992464,1,False
2007-12-13,30.795766666666665,1440,1.0,complete,0.20045585439807834,1,False
2007-12-14,32.913466666666665,1440,1.0,complete,0.18848426887418612,1,False
2007-12-15,45.6146,1440,1.0,complete,0.07045640972691636,1,False
2007-12-16,46.036966666666665,1440,1.0,complete,0.0699221942029572,1,False
2007-12-17,29.9511,1439,0.9993055555555556,partial,0.2128668789885677,1,False
2007-12-18,43.7199,1440,1.0,complete,0.07751400939832542,1,False
2007-12-19,36.60086666666667,1440,1.0,complete,0.16827763587567207,1,False
2007-12-20,32.49596666666667,1440,1.0,complete,0.19504952675368975,1,False
2007-12-21,33.04293333333333,1440,1.0,complete,0.18913643397710406,1,False
2007-12-22,43.52106666666667,1440,1.0,complete,0.08047911026371912,1,False
2007-12-23,40.1508,1440,1.0,complete,0.10548500212372003,1,False
2007-12-24,37.6308,1440,1.0,complete,0.14317144831132356,1,False
2007-12-25,44.916133333333335,1440,1.0,complete,0.07117028577959628,1,False
2007-12-26,43.004666666666665,1440,1.0,complete,0.08500000780423234,1,False
2007-12-27,42.2033,1440,1.0,complete,0.09048039375678552,1,False
2007-12-28,51.8842,1440,1.0,complete,-0.002562025195241069,-1,True
2007-12-29,54.9826,1440,1.0,complete,-0.034067610267647264,-1,True
2007-12-30,42.6486,1440,1.0,complete,0.0855094212985591,1,False
2007-12-31,36.942366666666665,1440,1.0,complete,0.1580790922717764,1,False
2008-01-01,45.99563333333333,1440,1.0,complete,0.07045510528409116,1,False
2008-01-02,27.401766666666667,1440,1.0,complete,0.22900172058669654,1,False
2008-01-03,25.168466666666667,1440,1.0,complete,0.22547806330925874,1,False
2008-01-04,38.19753333333333,1440,1.0,complete,0.13604529277938238,1,False
2008-01-05,36.38746666666667,1440,1.0,complete,0.16498903301458717,1,False
2008-01-06,30.419733333333333,1440,1.0,complete,0.2015199448676373,1,False
2008-01-07,28.263566666666662,1440,1.0,complete,0.21698313832659621,1,False
2008-01-08,34.05916666666667,1440,1.0,complete,0.1890737817390617,1,False
2008-01-09,29.80733333333333,1440,1.0,complete,0.21440156940014865,1,False
2008-01-10,31.567933333333333,1440,1.0,complete,0.19290594994183174,1,False
2008-01-11,28.4303,1440,1.0,complete,0.2112849522436932,1,False
2008-01-12,47.8568,1440,1.0,complete,0.035145555263824124,1,False
2008-01-13,48.0276,1439,0.9993055555555556,partial,0.03350438201791861,1,False
2008-01-14,33.748866666666665,1440,1.0,complete,0.18552693157519445,1,False
2008-01-15,44.781866666666666,1440,1.0,complete,0.07316169719595311,1,False
2008-01-16,35.59753333333333,1440,1.0,complete,0.17006577398672118,1,False
2008-01-17,26.2047,1440,1.0,complete,0.22693700231153335,1,False
2008-01-18,36.4498,1440,1.0,complete,0.16727670364948533,1,False
2008-01-19,33.0051,1440,1.0,complete,0.18778723517455154,1,False
2008-01-20,29.00613333333333,1440,1.0,complete,0.2109536042411772,1,False
2008-01-21,30.9833,1440,1.0,complete,0.20260640597024027,1,False
2008-01-22,38.7503,1440,1.0,complete,0.12413080196488235,1,False
2008-01-23,31.3718,1440,1.0,complete,0.1974317158397389,1,False
2008-01-24,27.41703333333333,1440,1.0,complete,0.22929174411879655,1,False
2008-01-25,37.33093333333333,1440,1.0,complete,0.14861103570097933,1,False
2008-01-26,47.2498,1440,1.0,complete,0.046420589805728274,1,False
2008-01-27,39.6961,1440,1.0,complete,0.11451931712477059,1,False
2008-01-28,38.46993333333333,1440,1.0,complete,0.12889273805801327,1,False
2008-01-29,44.6004,1440,1.0,complete,0.0740443848183372,1,False
2008-01-30,27.3441,1440,1.0,complete,0.2287663649653069,1,False
2008-01-31,32.56536666666667,1440,1.0,complete,0.19422490690632416,1,False
2008-02-01,25.57753333333333,1440,1.0,complete,0.21939968969375662,1,False
2008-02-02,48.9339,1439,0.9993055555555556,partial,0.022823634802816795,1,False
2008-02-03,34.7428,1440,1.0,complete,0.1798488000195838,1,False
2008-02-04,27.13563333333333,1440,1.0,complete,0.22618315709328957,1,False
2008-02-05,41.2076,1440,1.0,complete,0.09744295622865362,1,False
2008-02-06,27.825666666666667,1440,1.0,complete,0.22753192600117406,1,False
2008-02-07,25.30516666666667,1440,1.0,complete,0.22381590971586313,1,False
2008-02-08,32.5094,1440,1.0,complete,0.19494101821488813,1,False
2008-02-09,35.037933333333335,1440,1.0,complete,0.18004093166223184,1,False
2008-02-10,36.4119,1440,1.0,complete,0.16622714263850819,1,False
2008-02-11,28.200266666666668,1440,1.0,complete,0.22226556952959858,1,False
2008-02-12,33.12996666666667,1440,1.0,complete,0.1879536820981043,1,False
2008-02-13,31.674966666666663,1440,1.0,complete,0.19206255369215208,1,False
2008-02-14,26.7437,1440,1.0,complete,0.22901761088191397,1,False
2008-02-15,33.42013333333333,1440,1.0,complete,0.18095448322534774,1,False
2008-02-16,39.1158,1440,1.0,complete,0.12106498044615788,1,False
2008-02-17,32.2228,1440,1.0,complete,0.19245793364412006,1,False
2008-02-18,25.240066666666667,1440,1.0,complete,0.22537321735355292,1,False
2008-02-19,35.4486,1440,1.0,complete,0.16873635184806518,1,False
2008-02-20,37.56316666666667,1440,1.0,complete,0.14492613679219357,1,False
2008-02-21,27.230833333333333,1440,1.0,complete,0.22696426277724358,1,False
2008-02-22,28.876066666666667,1440,1.0,complete,0.21227460016960953,1,False
2008-02-23,30.566166666666668,1438,0.9986111111111112,partial,0.1974140827666922,1,False
2008-02-24,21.05013333333333,1440,1.0,complete,0.21490064633636907,1,False
2008-02-25,8.408133333333334,1440,1.0,complete,0.10418986808392361,1,False
2008-02-26,8.452,1440,1.0,complete,0.10515601345052639,1,False
2008-02-27,9.445333333333334,1440,1.0,complete,0.1016501656013662,1,False
2008-02-28,8.4864,1440,1.0,complete,0.10798454800994983,1,False
2008-02-29,22.222466666666666,1440,1.0,complete,0.20907131593420647,1,False
2008-03-01,19.031266666666667,1440,1.0,complete,0.2074497498365787,1,False
2008-03-02,19.37043333333333,1440,1.0,complete,0.2053004924395691,1,False
2008-03-03,17.3425,1440,1.0,complete,0.17833354604331514,1,False
2008-03-04,27.8165,1440,1.0,complete,0.22734230367417047,1,False
2008-03-05,33.953466666666664,1440,1.0,complete,0.18793669692133408,1,False
2008-03-06,41.72013333333334,1440,1.0,complete,0.09294894146799149,1,False
2008-03-07,31.049266666666668,1440,1.0,complete,0.20383551377687248,1,False
2008-03-08,37.47766666666666,1440,1.0,complete,0.1456927882090201,1,False
2008-03-09,26.00763333333333,1440,1.0,complete,0.223019989338,1,False
2008-03-10,26.9781,1440,1.0,complete,0.22794870408587414,1,False
2008-03-11,36.667366666666666,1440,1.0,complete,0.16796648025142663,1,False
2008-03-12,29.570533333333334,1440,1.0,complete,0.21191729850796182,1,False
2008-03-13,27.92523333333333,1440,1.0,complete,0.2272589308167295,1,False
2008-03-14,36.837,1440,1.0,complete,0.1600926191364016,1,False
2008-03-15,26.27166666666667,1440,1.0,complete,0.2256683114365362,1,False
2008-03-16,30.032666666666668,1440,1.0,complete,0.2104927079073174,1,False
2008-03-17,28.448633333333333,1440,1.0,complete,0.2104292652805687,1,False
2008-03-18,31.959433333333333,1440,1.0,complete,0.18661058988182044,1,False
2008-03-19,21.807466666666667,1440,1.0,complete,0.2175022951746462,1,False
2008-03-20,20.8879,1440,1.0,complete,0.21430943587565587,1,False
2008-03-21,34.4407,1440,1.0,complete,0.18289186611879366,1,False
2008-03-22,34.22526666666667,1440,1.0,complete,0.18634188260235546,1,False
2008-03-23,38.7665,1440,1.0,complete,0.12446148187617989,1,False
2008-03-24,32.91113333333333,1439,0.9993055555555556,partial,0.18817041941300888,1,False
2008-03-25,33.5976,1440,1.0,complete,0.1820685732816143,1,False
2008-03-26,27.224533333333333,1440,1.0,complete,0.2271208708364182,1,False
2008-03-27,22.84703333333333,1440,1.0,complete,0.20927737235262506,1,False
2008-03-28,31.42373333333333,1440,1.0,complete,0.19467609564986665,1,False
2008-03-29,41.185833333333335,1440,1.0,complete,0.09911845984688838,1,False
2008-03-30,35.7732,1440,1.0,complete,0.16953964197192584,1,False
2008-03-31,22.9595,1440,1.0,complete,0.20997905892934177,1,False
2008-04-01,35.4842,1440,1.0,complete,0.1684722410632839,1,False
2008-04-02,28.19453333333333,1440,1.0,complete,0.22219642526565342,1,False
2008-04-03,18.8126,1440,1.0,complete,0.20244556167322658,1,False
2008-04-04,27.198633333333333,1440,1.0,complete,0.22628974980014027,1,False
2008-04-05,32.84603333333333,1440,1.0,complete,0.1892193985576232,1,False
2008-04-06,28.271966666666668,1440,1.0,complete,0.21639049384566572,1,False
2008-04-07,25.6473,1440,1.0,complete,0.2197258005816714,1,False
2008-04-08,44.29193333333333,1440,1.0,complete,0.07534161612273216,1,False
2008-04-09,20.3142,1440,1.0,complete,0.21277878272074624,1,False
2008-04-10,24.6291,1440,1.0,complete,0.21839070408782757,1,False
2008-04-11,31.2944,1440,1.0,complete,0.19695359099657728,1,False
2008-04-12,46.6669,1440,1.0,complete,0.05963380583065658,1,False
2008-04-13,37.216433333333335,1440,1.0,complete,0.14970329610560917,1,False
2008-04-14,26.493033333333333,1440,1.0,complete,0.22739407927142452,1,False
2008-04-15,27.8401,1440,1.0,complete,0.22810516657837332,1,False
2008-04-16,24.817733333333333,1440,1.0,complete,0.2208359946329056,1,False
2008-04-17,23.264366666666668,1440,1.0,complete,0.2112239720851169,1,False
2008-04-18,31.03983333333333,1440,1.0,complete,0.20382580697719282,1,False
2008-04-19,37.56183333333333,1440,1.0,complete,0.14492613679219357,1,False
2008-04-20,29.85696666666667,1440,1.0,complete,0.2145412339995721,1,False
2008-04-21,19.4026,1440,1.0,complete,0.2045582490175083,1,False
2008-04-22,27.12793333333333,1440,1.0,complete,0.22618315709328957,1,False
2008-04-23,22.62213333333333,1440,1.0,complete,0.21112642200473558,1,False
2008-04-24,17.3962,1440,1.0,complete,0.17809981819233905,1,False
2008-04-25,21.1289,1440,1.0,complete,0.21413709287047705,1,False
2008-04-26,15.052766666666669,1440,1.0,complete,0.1526978158712638,1,False
2008-04-27,16.804,1440,1.0,complete,0.1725979821837471,1,False
2008-04-28,10.9842,1440,1.0,complete,0.07893336828817699,1,False
2008-04-29,32.876933333333334,1440,1.0,complete,0.1886927308556875,1,False
2008-04-30,18.3621,1440,1.0,complete,0.19456831368394217,1,False
2008-05-01,9.600233333333334,1440,1.0,complete,0.09299960866094548,1,False
2008-05-02,24.9628,1440,1.0,complete,0.21794423998428125,1,False
2008-05-03,21.49333333333333,1440,1.0,complete,0.22057784025427912,1,False
2008-05-04,24.516166666666667,1440,1.0,complete,0.21760789388050444,1,False
2008-05-05,22.7822,1440,1.0,complete,0.20912229783415548,1,False
2008-05-06,29.833,1440,1.0,complete,0.21504089901482593,1,False
2008-05-07,19.6044,1440,1.0,complete,0.19888959371973441,1,False
2008-05-08,35.2783,1440,1.0,complete,0.1656583764688841,1,False
2008-05-09,29.1212,1440,1.0,complete,0.20937450286399173,1,False
2008-05-10,31.8188,1440,1.0,complete,0.18765522536562423,1,False
2008-05-11,26.848666666666663,1440,1.0,complete,0.22816130434550164,1,False
2008-05-12,25.4034,1440,1.0,complete,0.22338585096188102,1,False
2008-05-13,24.6149,1440,1.0,complete,0.21753977934190116,1,False
2008-05-14,26.404366666666668,1440,1.0,complete,0.2272784125226729,1,False
2008-05-15,19.379466666666666,1440,1.0,complete,0.20529235175114402,1,False
2008-05-16,27.467166666666667,1438,0.9986111111111112,partial,0.2305006072579428,1,False
2008-05-17,27.624233333333333,1440,1.0,complete,0.22765344529972886,1,False
2008-05-18,30.065966666666668,1440,1.0,complete,0.20908679372509476,1,False
2008-05-19,17.171033333333334,1440,1.0,complete,0.175679684652284,1,False
2008-05-20,26.355566666666668,1440,1.0,complete,0.22796918484009998,1,False
2008-05-21,22.06853333333333,1440,1.0,complete,0.20753324711987592,1,False
2008-05-22,16.281133333333333,1440,1.0,complete,0.16761065673503434,1,False
2008-05-23,24.7486,1440,1.0,complete,0.21947935883588854,1,False
2008-05-24,26.336266666666667,1440,1.0,complete,0.22881829538778908,1,False
2008-05-25,34.141733333333335,1440,1.0,complete,0.1889347639702752,1,False
2008-05-26,21.495166666666663,1440,1.0,complete,0.22072383017360492,1,False
2008-05-27,28.47833333333333,1440,1.0,complete,0.2095594655370822,1,False
2008-05-28,18.572866666666663,1440,1.0,complete,0.2008246931617948,1,False
2008-05-29,18.91793333333333,1440,1.0,complete,0.20575554026093018,1,False
2008-05-30,23.2874,1440,1.0,complete,0.21127888724863314,1,False
2008-05-31,27.35783333333333,1440,1.0,complete,0.22747195968296174,1,False
2008-06-01,30.8146,1440,1.0,complete,0.2007087286958158,1,False
2008-06-02,17.9002,1440,1.0,complete,0.18904501150604386,1,False
2008-06-03,26.630266666666667,1440,1.0,complete,0.22681207692103822,1,False
2008-06-04,26.481866666666665,1440,1.0,complete,0.2269421204890144,1,False
2008-06-05,18.66796666666667,1440,1.0,complete,0.20356314561882044,1,False
2008-06-06,20.29523333333333,1440,1.0,complete,0.21093425438658564,1,False
2008-06-07,31.37473333333333,1440,1.0,complete,0.19707340188773653,1,False
2008-06-08,25.705366666666663,1440,1.0,complete,0.2217364758406572,1,False
2008-06-09,22.094966666666668,1440,1.0,complete,0.20824034646568484,1,False
2008-06-10,17.784833333333335,1440,1.0,complete,0.1884125610390503,1,False
2008-06-11,18.7201,1440,1.0,complete,0.20285767283658362,1,False
2008-06-12,20.988866666666667,1440,1.0,complete,0.21291874255253207,1,False
2008-06-13,31.238,1439,0.9993055555555556,partial,0.1960472385081417,1,False
2008-06-14,23.082,1440,1.0,complete,0.2099499243577454,1,False
2008-06-15,38.1517,1440,1.0,complete,0.13687428020101655,1,False
2008-06-16,21.7174,1440,1.0,complete,0.22094922467607725,1,False
2008-06-17,19.08473333333333,1440,1.0,complete,0.20773317112025752,1,False
2008-06-18,31.560133333333333,1440,1.0,complete,0.1925950931418371,1,False
2008-06-19,26.46803333333333,1440,1.0,complete,0.22718442635992464,1,False
2008-06-20,27.935066666666668,1440,1.0,complete,0.22717895031623964,1,False
2008-06-21,28.90423333333333,1440,1.0,complete,0.2107319388566044,1,False
2008-06-22,26.10693333333333,1440,1.0,complete,0.2247218221189906,1,False
2008-06-23,20.863266666666668,1440,1.0,complete,0.21501626114948547,1,False
2008-06-24,29.240866666666665,1440,1.0,complete,0.2097632439723368,1,False
2008-06-25,21.0295,1440,1.0,complete,0.21446138762776656,1,False
2008-06-26,17.60033333333333,1440,1.0,complete,0.18282247138983027,1,False
2008-06-27,29.25253333333333,1440,1.0,complete,0.21011139926545191,1,False
2008-06-28,20.14666666666667,1440,1.0,complete,0.20668839338915346,1,False
2008-06-29,12.4892,1440,1.0,complete,0.12200492734064194,1,False
2008-06-30,13.403266666666669,1440,1.0,complete,0.13376112863184775,1,False
2008-07-01,20.254,1440,1.0,complete,0.21404765946082127,1,False
2008-07-02,19.12003333333333,1440,1.0,complete,0.2076197849884629,1,False
2008-07-03,18.306,1440,1.0,complete,0.1956374143105723,1,False
2008-07-04,15.700333333333331,1440,1.0,complete,0.16374210938258305,1,False
2008-07-05,24.4848,1440,1.0,complete,0.21805719867742335,1,False
2008-07-06,30.0844,1440,1.0,complete,0.20762046935793,1,False
2008-07-07,16.389833333333332,1440,1.0,complete,0.16593943488341778,1,False
2008-07-08,18.770233333333334,1440,1.0,complete,0.20378465219329772,1,False
2008-07-09,15.321966666666668,1440,1.0,complete,0.1583039021881345,1,False
2008-07-10,20.8546,1440,1.0,complete,0.21439781442451794,1,False
2008-07-11,20.9036,1440,1.0,complete,0.2131484161834259,1,False
2008-07-12,22.14753333333333,1440,1.0,complete,0.20797037550660902,1,False
2008-07-13,20.8959,1438,0.9986111111111112,partial,0.2137657494697061,1,False
2008-07-14,18.965433333333333,1440,1.0,complete,0.20525340501962874,1,False
2008-07-15,19.264333333333333,1440,1.0,complete,0.20759220425082048,1,False
2008-07-16,17.951033333333335,1440,1.0,complete,0.18806459399951486,1,False
2008-07-17,21.985366666666668,1440,1.0,complete,0.2102204805002072,1,False
2008-07-18,21.0264,1440,1.0,complete,0.21473550195051927,1,False
2008-07-19,22.400233333333333,1440,1.0,complete,0.21007597367777026,1,False
2008-07-20,15.692233333333332,1440,1.0,complete,0.1643309862775511,1,False
2008-07-21,19.27463333333333,1440,1.0,complete,0.20737024293403777,1,False
2008-07-22,12.337366666666666,1440,1.0,complete,0.11750522076903924,1,False
2008-07-23,15.7105,1440,1.0,complete,0.16412139869131215,1,False
2008-07-24,18.224166666666665,1440,1.0,complete,0.1944647429252344,1,False
2008-07-25,14.425566666666668,1440,1.0,complete,0.1355657207050469,1,False
2008-07-26,13.594733333333334,1440,1.0,complete,0.13983868676093703,1,False
2008-07-27,19.123266666666662,1440,1.0,complete,0.2076197849884629,1,False
2008-07-28,13.7634,1440,1.0,complete,0.1403959531171196,1,False
2008-07-29,19.442633333333333,1440,1.0,complete,0.20753844731399812,1,False
2008-07-30,21.665133333333333,1440,1.0,complete,0.22099371459502243,1,False
2008-07-31,23.21063333333333,1440,1.0,complete,0.21006537311632006,1,False
2008-08-01,12.326266666666667,1440,1.0,complete,0.11672067988862789,1,False
2008-08-02,8.4296,1440,1.0,complete,0.10574925487630005,1,False
2008-08-03,8.413033333333333,1440,1.0,complete,0.10418986808392361,1,False
2008-08-04,18.76533333333333,1439,0.9993055555555556,partial,0.20435483972601642,1,False
2008-08-05,13.7853,1440,1.0,complete,0.13946379892232175,1,False
2008-08-06,5.4352,1440,1.0,complete,0.006474178415485254,1,False
2008-08-07,5.5814,1440,1.0,complete,0.006341600508716683,1,False
2008-08-08,5.036666666666666,1440,1.0,complete,0.004126113594836833,1,False
2008-08-09,5.982066666666666,1440,1.0,complete,0.007641671964480512,1,False
2008-08-10,5.8672,1440,1.0,complete,0.007788398178025457,1,False
2008-08-11,6.1986,1440,1.0,complete,0.009796147689115853,1,False
2008-08-12,4.8164,1440,1.0,complete,0.009149038518224573,1,False
2008-08-13,4.709733333333333,1440,1.0,complete,0.014058351988214812,1,False
2008-08-14,4.5043,1440,1.0,complete,0.0192748102738165,1,False
2008-08-15,4.5609,1440,1.0,complete,0.020068278276891616,1,False
2008-08-16,4.580233333333333,1440,1.0,complete,0.020068278276891616,1,False
2008-08-17,4.579933333333333,1440,1.0,complete,0.020282087736964827,1,False
2008-08-18,4.562633333333333,1440,1.0,complete,0.020282087736964827,1,False
2008-08-19,4.5782,1440,1.0,complete,0.020282087736964827,1,False
2008-08-20,4.4745333333333335,1440,1.0,complete,0.018133192082197547,1,False
2008-08-21,4.354966666666667,1440,1.0,complete,0.009272261739587173,1,False
2008-08-22,4.452066666666667,1440,1.0,complete,0.015769293721147326,1,False
2008-08-23,4.244033333333333,1440,1.0,complete,0.0,1,False
2008-08-24,4.245266666666667,1440,1.0,complete,0.0,1,False
2008-08-25,4.171633333333333,1440,1.0,complete,-0.0019230812673395326,-1,True
2008-08-26,4.2927333333333335,1440,1.0,complete,0.0035206168156246553,1,False
2008-08-27,4.3019,1440,1.0,complete,0.003959355552368482,1,False
2008-08-28,4.470766666666667,1440,1.0,complete,0.018133192082197547,1,False
2008-08-29,4.4598,1440,1.0,complete,0.017489364672837904,1,False
2008-08-30,4.507066666666667,1440,1.0,complete,0.019488888113287972,1,False
2008-08-31,25.01023333333333,1439,0.9993055555555556,partial,0.21950057909320153,1,False
2008-09-01,20.791833333333333,1440,1.0,complete,0.2149646171531474,1,False
2008-09-02,23.069233333333333,1440,1.0,complete,0.21019585416617542,1,False
2008-09-03,23.14143333333333,1440,1.0,complete,0.20966890742834332,1,False
2008-09-04,20.42033333333333,1440,1.0,complete,0.21340909621934684,1,False
2008-09-05,14.566,1440,1.0,complete,0.13927838404958637,1,False
2008-09-06,31.1429,1440,1.0,complete,0.2001184284174884,1,False
2008-09-07,22.8776,1440,1.0,complete,0.21012374044385435,1,False
2008-09-08,21.822066666666668,1440,1.0,complete,0.21673602782294066,1,False
2008-09-09,19.327566666666662,1440,1.0,complete,0.20671379114217875,1,False
2008-09-10,21.6794,1440,1.0,complete,0.22078625482572672,1,False
2008-09-11,17.145233333333334,1440,1.0,complete,0.17707470802909336,1,False
2008-09-12,23.2127,1440,1.0,complete,0.21042456692267714,1,False
2008-09-13,27.1906,1440,1.0,complete,0.22612593939508818,1,False
2008-09-14,26.2721,1440,1.0,complete,0.2256683114365362,1,False
2008-09-15,28.29513333333333,1440,1.0,complete,0.21501031311881164,1,False
2008-09-16,20.364366666666665,1440,1.0,complete,0.21460162817715955,1,False
2008-09-17,25.320166666666665,1440,1.0,complete,0.22362252999301252,1,False
2008-09-18,25.088166666666663,1440,1.0,complete,0.2223160475946263,1,False
2008-09-19,25.3141,1440,1.0,complete,0.22405970403970726,1,False
2008-09-20,21.74333333333333,1440,1.0,complete,0.2196508724027157,1,False
2008-09-21,25.551166666666667,1440,1.0,complete,0.21982837264965732,1,False
2008-09-22,22.64273333333333,1440,1.0,complete,0.2106084380436405,1,False
2008-09-23,20.546466666666667,1440,1.0,complete,0.20985343604620177,1,False
2008-09-24,28.639166666666668,1440,1.0,complete,0.213117983761974,1,False
2008-09-25,18.853666666666665,1440,1.0,complete,0.20210050854142164,1,False
2008-09-26,23.8575,1440,1.0,complete,0.20535539637487638,1,False
2008-09-27,35.457433333333334,1440,1.0,complete,0.1687898337501681,1,False
2008-09-28,28.85173333333333,1440,1.0,complete,0.21137799477775066,1,False
2008-09-29,25.028966666666665,1440,1.0,complete,0.2197898289386513,1,False
2008-09-30,22.916766666666668,1440,1.0,complete,0.21064211323071436,1,False
2008-10-01,31.20606666666667,1440,1.0,complete,0.19865546581900972,1,False
2008-10-02,22.422366666666665,1440,1.0,complete,0.2092163606316444,1,False
2008-10-03,26.87633333333333,1440,1.0,complete,0.22976136991612134,1,False
2008-10-04,35.008266666666664,1440,1.0,complete,0.18185367993513285,1,False
2008-10-05,25.8325,1440,1.0,complete,0.2223520789083484,1,False
2008-10-06,23.7297,1440,1.0,complete,0.207422582688025,1,False
2008-10-07,28.77613333333333,1440,1.0,complete,0.21057571864279578,1,False
2008-10-08,31.0096,1440,1.0,complete,0.20259078128627134,1,False
2008-10-09,33.061366666666665,1440,1.0,complete,0.18828343088844623,1,False
2008-10-10,25.305633333333333,1440,1.0,complete,0.22381590971586313,1,False
2008-10-11,27.8231,1440,1.0,complete,0.22775608713313333,1,False
2008-10-12,31.799,1440,1.0,complete,0.18839349517505666,1,False
2008-10-13,24.366266666666668,1440,1.0,complete,0.21323835171082567,1,False
2008-10-14,26.8176,1440,1.0,complete,0.22917047601933926,1,False
2008-10-15,35.94826666666667,1440,1.0,complete,0.1630074078420619,1,False
2008-10-16,26.394666666666662,1440,1.0,complete,0.2276596206314796,1,False
2008-10-17,31.114766666666668,1440,1.0,complete,0.2005333919141148,1,False
2008-10-18,37.319833333333335,1440,1.0,complete,0.14809969479428287,1,False
2008-10-19,32.865566666666666,1440,1.0,complete,0.1890443274552901,1,False
2008-10-20,27.792566666666666,1440,1.0,complete,0.22775527801945672,1,False
2008-10-21,34.395266666666664,1440,1.0,complete,0.18511394844014184,1,False
2008-10-22,27.4335,1440,1.0,complete,0.2295012691777209,1,False
2008-10-23,30.508233333333333,1440,1.0,complete,0.19868768678710358,1,False
2008-10-24,35.55376666666667,1440,1.0,complete,0.1690934403341633,1,False
2008-10-25,25.38593333333333,1397,0.9701388888888888,partial,0.22488834616014136,1,False
2008-10-26,8.724866666666667,1440,1.0,complete,0.11398468854593402,1,False
2008-10-27,8.731533333333333,1440,1.0,complete,0.11377434950661003,1,False
2008-10-28,22.1215,1440,1.0,complete,0.20736885008063816,1,False
2008-10-29,26.876266666666663,1440,1.0,complete,0.22976136991612134,1,False
2008-10-30,18.31,1440,1.0,complete,0.19599303312117033,1,False
2008-10-31,21.430533333333333,1440,1.0,complete,0.2196880283637947,1,False
2008-11-01,13.841633333333334,1440,1.0,complete,0.13671787380350897,1,False
2008-11-02,15.1769,1440,1.0,complete,0.15823858658728474,1,False
2008-11-03,14.126666666666669,1440,1.0,complete,0.13616438877620718,1,False
2008-11-04,26.0386,1440,1.0,complete,0.22348629582580276,1,False
2008-11-05,52.24883333333333,1440,1.0,complete,-0.003338643818575404,-1,True
2008-11-06,26.473966666666666,1440,1.0,complete,0.22736556472768832,1,False
2008-11-07,26.9864,1440,1.0,complete,0.22776062568570266,1,False
2008-11-08,28.88563333333333,1440,1.0,complete,0.21118740495168176,1,False
2008-11-09,42.97563333333333,1440,1.0,complete,0.08515207270729552,1,False
2008-11-10,34.864666666666665,1434,0.9958333333333332,partial,0.18115829175578835,1,False
2008-11-11,40.9325,1440,1.0,complete,0.10262655208714677,1,False
2008-11-12,36.44156666666667,1438,0.9986111111111112,partial,0.1670785952773713,1,False
2008-11-13,20.641,1440,1.0,complete,0.21055724645784302,1,False
2008-11-14,27.028966666666665,1440,1.0,complete,0.22768622989229975,1,False
2008-11-15,50.52713333333333,1440,1.0,complete,0.009066216408687877,1,False
2008-11-16,39.42386666666667,1440,1.0,complete,0.11880060484656996,1,False
2008-11-17,25.393933333333333,1440,1.0,complete,0.22451727085609569,1,False
2008-11-18,29.15083333333333,1440,1.0,complete,0.2090977704555499,1,False
2008-11-19,30.67063333333333,1440,1.0,complete,0.195764265569838,1,False
2008-11-20,28.2056,1440,1.0,complete,0.22029345125079303,1,False
2008-11-21,27.89883333333333,1440,1.0,complete,0.23001404698461075,1,False
2008-11-22,28.5228,1440,1.0,complete,0.20904377599752028,1,False
2008-11-23,56.7554,1439,0.9993055555555556,partial,-0.05581179726944274,-1,True
2008-11-24,53.54996666666667,1440,1.0,complete,-0.021062644540559283,-1,True
2008-11-25,45.0475,1440,1.0,complete,0.07216247482197269,1,False
2008-11-26,25.2659,1440,1.0,complete,0.22615366425959205,1,False
2008-11-27,39.3703,1440,1.0,complete,0.11836964601674282,1,False
2008-11-28,31.43273333333333,1440,1.0,complete,0.19498554494824455,1,False
2008-11-29,40.5778,1440,1.0,complete,0.1093047383685074,1,False
2008-11-30,40.02313333333333,1440,1.0,complete,0.10657572034232876,1,False
2008-12-01,26.9423,1440,1.0,complete,0.2266437968817842,1,False
2008-12-02,29.890733333333333,1440,1.0,complete,0.21534917917382473,1,False
2008-12-03,29.25273333333333,1440,1.0,complete,0.21011139926545191,1,False
2008-12-04,28.9773,1440,1.0,complete,0.21194568992447893,1,False
2008-12-05,34.3103,1440,1.0,complete,0.18505970107240904,1,False
2008-12-06,42.06393333333333,1440,1.0,complete,0.08780979966957914,1,False
2008-12-07,41.11233333333333,1440,1.0,complete,0.10215848042500242,1,False
2008-12-08,31.143933333333333,1440,1.0,complete,0.19998816089567684,1,False
2008-12-09,33.385733333333334,1440,1.0,complete,0.18130501303954444,1,False
2008-12-10,35.18366666666667,1370,0.9513888888888888,partial,0.16959949906575028,1,False
2008-12-11,23.875366666666668,1440,1.0,complete,0.20509094992525112,1,False
2008-12-12,30.2589,1440,1.0,complete,0.20301984944763862,1,False
2008-12-13,30.42623333333333,1440,1.0,complete,0.20103454960400202,1,False
2008-12-14,33.36866666666667,1440,1.0,complete,0.1816235059696904,1,False
2008-12-15,29.924166666666668,1440,1.0,complete,0.21428688409820845,1,False
2008-12-16,29.9515,1440,1.0,complete,0.2128668789885677,1,False
2008-12-17,34.97976666666667,1440,1.0,complete,0.18138980831515994,1,False
2008-12-18,28.949,1440,1.0,complete,0.21300301545730882,1,False
2008-12-19,31.36853333333333,1440,1.0,complete,0.1974317158397389,1,False
2008-12-20,37.37503333333333,1439,0.9993055555555556,partial,0.14856131255332572,1,False
2008-12-21,44.06016666666667,1440,1.0,complete,0.0749460185191464,1,False
2008-12-22,33.5968,1440,1.0,complete,0.1820685732816143,1,False
2008-12-23,29.96813333333333,1440,1.0,complete,0.2128933747063827,1,False
2008-12-24,21.160633333333333,1440,1.0,complete,0.21445502539892825,1,False
2008-12-25,17.6853,1440,1.0,complete,0.1862324061946221,1,False
2008-12-26,20.395533333333333,1440,1.0,complete,0.21481040969411808,1,False
2008-12-27,49.53606666666667,1440,1.0,complete,0.015447232727204052,1,False
2008-12-28,26.177366666666668,1440,1.0,complete,0.22597894743808183,1,False
2008-12-29,9.254633333333333,1440,1.0,complete,0.10953765230128432,1,False
2008-12-30,19.92063333333333,1440,1.0,complete,0.2042949281670574,1,False
2008-12-31,32.736466666666665,1440,1.0,complete,0.18994803342883732,1,False
2009-01-01,23.444866666666663,1440,1.0,complete,0.21115130789136494,1,False
2009-01-02,38.79183333333334,1440,1.0,complete,0.1255946089636496,1,False
2009-01-03,31.8916,1440,1.0,complete,0.18913691869255456,1,False
2009-01-04,32.33323333333333,1440,1.0,complete,0.19407683803574072,1,False
2009-01-05,26.73333333333333,1440,1.0,complete,0.22804031425432514,1,False
2009-01-06,28.164366666666663,1440,1.0,complete,0.22404280057047543,1,False
2009-01-07,34.6712,1440,1.0,complete,0.1811377012023654,1,False
2009-01-08,27.221166666666665,1440,1.0,complete,0.2274878065624078,1,False
2009-01-09,29.8117,1440,1.0,complete,0.21440156940014865,1,False
2009-01-10,35.04913333333333,1440,1.0,complete,0.18004093166223184,1,False
2009-01-11,32.93313333333333,1440,1.0,complete,0.18853074002716974,1,False
2009-01-12,26.487966666666665,1440,1.0,complete,0.22711069413343732,1,False
2009-01-13,36.376666666666665,1440,1.0,complete,0.16446010393620553,1,False
2009-01-14,29.6047,1439,0.9993055555555556,partial,0.21157294679473676,1,False
2009-01-15,26.0678,1440,1.0,complete,0.2227942384931338,1,False
2009-01-16,46.109233333333336,1440,1.0,complete,0.06916080569775629,1,False
2009-01-17,55.297,1440,1.0,complete,-0.03546198147517443,-1,True
2009-01-18,52.5699,1440,1.0,complete,-0.008012269852944232,-1,True
2009-01-19,28.3311,1440,1.0,complete,0.21184909989828177,1,False
2009-01-20,28.967133333333333,1440,1.0,complete,0.21345216741385065,1,False
2009-01-21,28.990566666666663,1440,1.0,complete,0.2122120366262477,1,False
2009-01-22,20.6226,1440,1.0,complete,0.2104078166710016,1,False
2009-01-23,31.842266666666667,1440,1.0,complete,0.1875542895056917,1,False
2009-01-24,36.6795,1440,1.0,complete,0.1683475256347825,1,False
2009-01-25,47.3944,1440,1.0,complete,0.04402169560087643,1,False
2009-01-26,27.907866666666667,1440,1.0,complete,0.23013115750076624,1,False
2009-01-27,23.7505,1440,1.0,complete,0.20568945047209436,1,False
2009-01-28,45.362233333333336,1440,1.0,complete,0.07291738309915985,1,False
2009-01-29,26.2283,1440,1.0,complete,0.2261138628487625,1,False
2009-01-30,34.3173,1440,1.0,complete,0.18578130040663815,1,False
2009-01-31,55.2142,1440,1.0,complete,-0.03592740117404203,-1,True
2009-02-01,30.124333333333333,1402,0.9736111111111112,partial,0.20394252538548935,1,False
2009-02-02,26.721666666666668,1440,1.0,complete,0.22902341029652395,1,False
2009-02-03,31.13983333333333,1440,1.0,complete,0.2001184284174884,1,False
2009-02-04,41.0154,1440,1.0,complete,0.10146705170086934,1,False
2009-02-05,27.4848,1440,1.0,complete,0.2289254381552725,1,False
2009-02-06,34.13993333333333,1440,1.0,complete,0.1889347639702752,1,False
2009-02-07,52.19226666666667,1440,1.0,complete,-0.0037823219525967566,-1,True
2009-02-08,36.3811,1440,1.0,complete,0.16446010393620553,1,False
2009-02-09,28.443966666666668,1440,1.0,complete,0.2104292652805687,1,False
2009-02-10,32.39703333333333,1440,1.0,complete,0.19541592352819953,1,False
2009-02-11,43.98983333333333,1440,1.0,complete,0.07553618045798927,1,False
2009-02-12,32.811,1440,1.0,complete,0.1888817512292399,1,False
2009-02-13,28.16703333333333,1440,1.0,complete,0.22418761851568175,1,False
2009-02-14,38.87656666666667,1438,0.9986111111111112,partial,0.12362518684654011,1,False
2009-02-15,26.433866666666667,1440,1.0,complete,0.22730806209005033,1,False
2009-02-16,21.98323333333333,1440,1.0,complete,0.21007093676847438,1,False
2009-02-17,13.0283,1416,0.9833333333333332,partial,0.12685470375724373,1,False
2009-02-18,13.774166666666666,1440,1.0,complete,0.14017739654114958,1,False
2009-02-19,12.2878,1440,1.0,complete,0.11664375866705456,1,False
2009-02-20,31.3456,1440,1.0,complete,0.19864373508203215,1,False
2009-02-21,21.9364,1440,1.0,complete,0.21378206837012192,1,False
2009-02-22,37.307966666666665,1440,1.0,complete,0.14908228197321893,1,False
2009-02-23,45.56093333333333,1440,1.0,complete,0.07140347874718056,1,False
2009-02-24,29.719066666666667,1440,1.0,complete,0.21400384460287714,1,False
2009-02-25,19.4974,1440,1.0,complete,0.2025069457515053,1,False
2009-02-26,19.280866666666668,1440,1.0,complete,0.20718851421613482,1,False
2009-02-27,33.8153,1440,1.0,complete,0.1860747198421318,1,False
2009-02-28,27.179166666666667,1440,1.0,complete,0.22641422571945236,1,False
2009-03-01,41.1271,1439,0.9993055555555556,partial,0.10045432411824484,1,False
2009-03-02,24.624033333333333,1440,1.0,complete,0.2178337646167442,1,False
2009-03-03,30.815866666666665,1440,1.0,complete,0.2007087286958158,1,False
2009-03-04,30.702166666666667,1440,1.0,complete,0.1965169875030095,1,False
2009-03-05,24.0302,1440,1.0,complete,0.20472771865613754,1,False
2009-03-06,29.724566666666668,1440,1.0,complete,0.21370726717975785,1,False
2009-03-07,28.27443333333333,1440,1.0,complete,0.21639049384566572,1,False
2009-03-08,39.2861,1440,1.0,complete,0.12206659758661975,1,False
2009-03-09,28.0926,1440,1.0,complete,0.22190901896484488,1,False
2009-03-10,30.6035,1440,1.0,complete,0.19643707958724416,1,False
2009-03-11,40.0984,1440,1.0,complete,0.1056478025033547,1,False
2009-03-12,31.45433333333333,1440,1.0,complete,0.19493641795224387,1,False
2009-03-13,24.092,1440,1.0,complete,0.20309228081348918,1,False
2009-03-14,35.81713333333333,1440,1.0,complete,0.16614381740962803,1,False
2009-03-15,32.3677,1440,1.0,complete,0.1953158422645968,1,False
2009-03-16,22.24553333333333,1439,0.9993055555555556,partial,0.21066519977585008,1,False
2009-03-17,32.1985,1440,1.0,complete,0.1918999233319832,1,False
2009-03-18,24.178,1440,1.0,complete,0.2072851713947319,1,False
2009-03-19,19.858866666666668,1440,1.0,complete,0.20319509217363724,1,False
2009-03-20,24.398433333333333,1440,1.0,complete,0.21420459442015577,1,False
2009-03-21,32.167033333333336,1440,1.0,complete,0.19161744628736288,1,False
2009-03-22,28.152833333333334,1440,1.0,complete,0.22178166708218222,1,False
2009-03-23,21.6075,1440,1.0,complete,0.22122830302844249,1,False
2009-03-24,27.6952,1440,1.0,complete,0.2291222457389671,1,False
2009-03-25,30.64623333333333,1440,1.0,complete,0.19577830743833324,1,False
2009-03-26,20.1834,1440,1.0,complete,0.2106677132780604,1,False
2009-03-27,28.56543333333333,1440,1.0,complete,0.2138099008167833,1,False
2009-03-28,37.68293333333333,1440,1.0,complete,0.14429624300710342,1,False
2009-03-29,36.94416666666667,1440,1.0,complete,0.1580790922717764,1,False
2009-03-30,24.6242,1440,1.0,complete,0.2178337646167442,1,False
2009-03-31,30.391366666666663,1440,1.0,complete,0.20227386911103928,1,False
2009-04-01,27.35233333333333,1440,1.0,complete,0.2282895193698467,1,False
2009-04-02,27.405566666666665,1440,1.0,complete,0.2292459810379583,1,False
2009-04-03,22.721,1440,1.0,complete,0.20954712836533884,1,False
2009-04-04,36.52053333333333,1440,1.0,complete,0.16798244376326216,1,False
2009-04-05,22.9286,1440,1.0,complete,0.20995555271725946,1,False
2009-04-06,24.210566666666665,1440,1.0,complete,0.20877809848017892,1,False
2009-04-07,24.00153333333333,1440,1.0,complete,0.2040458940354209,1,False
2009-04-08,25.576666666666668,1440,1.0,complete,0.21939968969375662,1,False
2009-04-09,31.50786666666667,1440,1.0,complete,0.19413948862657315,1,False
2009-04-10,30.7019,1440,1.0,complete,0.1963628071891435,1,False
2009-04-11,41.04076666666667,1440,1.0,complete,0.1016070430114685,1,False
2009-04-12,35.68353333333333,1440,1.0,complete,0.17035192818271488,1,False
2009-04-13,26.643733333333333,1438,0.9986111111111112,partial,0.22732384067276162,1,False
2009-04-14,25.02563333333333,1440,1.0,complete,0.21987606935864645,1,False
2009-04-15,20.2677,1440,1.0,complete,0.2135690436710284,1,False
2009-04-16,26.0754,1440,1.0,complete,0.22316326865074004,1,False
2009-04-17,34.04683333333333,1440,1.0,complete,0.18884606708644908,1,False
2009-04-18,25.20443333333333,1440,1.0,complete,0.22540590561078544,1,False
2009-04-19,21.441133333333333,1440,1.0,complete,0.21908387693884107,1,False
2009-04-20,24.775166666666667,1440,1.0,complete,0.21916204557263125,1,False
2009-04-21,31.576633333333334,1440,1.0,complete,0.1923230950254325,1,False
2009-04-22,24.936633333333333,1440,1.0,complete,0.21923498933003444,1,False
2009-04-23,19.02433333333333,1440,1.0,complete,0.20623250983864017,1,False
2009-04-24,19.9008,1440,1.0,complete,0.20404421475067203,1,False
2009-04-25,33.70473333333333,1440,1.0,complete,0.1882330679938522,1,False
2009-04-26,29.693766666666665,1440,1.0,complete,0.2127559985180728,1,False
2009-04-27,22.52713333333333,1440,1.0,complete,0.20991104953118456,1,False
2009-04-28,28.439766666666667,1440,1.0,complete,0.2115831680176437,1,False
2009-04-29,27.744666666666667,1440,1.0,complete,0.2271657658883362,1,False
2009-04-30,30.579366666666665,1440,1.0,complete,0.19743206580159844,1,False
2009-05-01,25.213366666666666,1440,1.0,complete,0.2251170452764516,1,False
2009-05-02,23.23183333333333,1440,1.0,complete,0.21136088898109473,1,False
2009-05-03,26.814633333333333,1440,1.0,complete,0.22917047601933926,1,False
2009-05-04,27.798033333333333,1440,1.0,complete,0.22773953609026487,1,False
2009-05-05,28.8579,1440,1.0,complete,0.21180272858377752,1,False
2009-05-06,22.498366666666666,1440,1.0,complete,0.20846480037290194,1,False
2009-05-07,16.877466666666667,1440,1.0,complete,0.1721953655478332,1,False
2009-05-08,30.9526,1440,1.0,complete,0.202687975559121,1,False
2009-05-09,21.02253333333333,1440,1.0,complete,0.21491414871132303,1,False
2009-05-10,32.775866666666666,1439,0.9993055555555556,partial,0.18936729438436123,1,False
2009-05-11,25.286266666666663,1440,1.0,complete,0.22513036300528483,1,False
2009-05-12,27.099266666666665,1440,1.0,complete,0.2262414743712387,1,False
2009-05-13,20.7733,1440,1.0,complete,0.21286280065842417,1,False
2009-05-14,26.783066666666667,1440,1.0,complete,0.23087102170997142,1,False
2009-05-15,23.703766666666667,1440,1.0,complete,0.20788020892515718,1,False
2009-05-16,33.4563,1440,1.0,complete,0.18127132786667682,1,False
2009-05-17,25.7294,1440,1.0,complete,0.22193008205540043,1,False
2009-05-18,20.1651,1440,1.0,complete,0.20952805728410473,1,False
2009-05-19,26.95573333333333,1440,1.0,complete,0.22754652575391154,1,False
2009-05-20,21.78603333333333,1440,1.0,complete,0.21883243474936187,1,False
2009-05-21,26.2525,1440,1.0,complete,0.2263895003539067,1,False
2009-05-22,17.913433333333334,1440,1.0,complete,0.18817594597358017,1,False
2009-05-23,25.509966666666667,1440,1.0,complete,0.2212115394968826,1,False
2009-05-24,21.4631,1440,1.0,complete,0.2209514344321858,1,False
2009-05-25,22.568266666666663,1440,1.0,complete,0.2100541119773766,1,False
2009-05-26,22.294566666666668,1437,0.9979166666666668,partial,0.21075788104986676,1,False
2009-05-27,25.7382,1440,1.0,complete,0.22219500720123098,1,False
2009-05-28,19.662266666666667,1440,1.0,complete,0.20091704170945168,1,False
2009-05-29,20.7141,1440,1.0,complete,0.21248974083444733,1,False
2009-05-30,27.651766666666667,1440,1.0,complete,0.22747361061928956,1,False
2009-05-31,15.948166666666667,1440,1.0,complete,0.1624933577975698,1,False
2009-06-01,24.05433333333333,1440,1.0,complete,0.2041304416146617,1,False
2009-06-02,18.1773,1440,1.0,complete,0.19303893268217587,1,False
2009-06-03,22.60963333333333,1440,1.0,complete,0.21110857176024284,1,False
2009-06-04,17.261,1440,1.0,complete,0.17734173110513674,1,False
2009-06-05,20.506,1440,1.0,complete,0.2124530403965928,1,False
2009-06-06,24.59083333333333,1440,1.0,complete,0.21775188307289328,1,False
2009-06-07,20.1232,1440,1.0,complete,0.20581394099100703,1,False
2009-06-08,19.646266666666666,1440,1.0,complete,0.20014523444196392,1,False
2009-06-09,22.214166666666667,1440,1.0,complete,0.20919946573903525,1,False
2009-06-10,26.7166,1440,1.0,complete,0.22878228140833978,1,False
2009-06-11,21.6775,1440,1.0,complete,0.22133303505622692,1,False
2009-06-12,18.3622,1440,1.0,complete,0.19456831368394217,1,False
2009-06-13,0.2369666666666666,30,0.0208333333333333,partial,-0.07307112064804056,-1,True
2009-06-15,12.865133333333333,985,0.6840277777777778,partial,0.12531671542100098,1,False
2009-06-16,25.14653333333333,1440,1.0,complete,0.22461109082982833,1,False
2009-06-17,16.466933333333333,1440,1.0,complete,0.17139843417736095,1,False
2009-06-18,19.42833333333333,1440,1.0,complete,0.20727909100651887,1,False
2009-06-19,18.11443333333333,1440,1.0,complete,0.19131600511242058,1,False
2009-06-20,18.451666666666668,1440,1.0,complete,0.19697283729482207,1,False
2009-06-21,14.252366666666669,1440,1.0,complete,0.13561554081499605,1,False
2009-06-22,18.234966666666665,1440,1.0,complete,0.1958439185147774,1,False
2009-06-23,17.320233333333334,1440,1.0,complete,0.17672257978125155,1,False
2009-06-24,25.581233333333333,1440,1.0,complete,0.21954607810594817,1,False
2009-06-25,12.856033333333333,1440,1.0,complete,0.12376021018193484,1,False
2009-06-26,21.2887,1440,1.0,complete,0.21785527145281347,1,False
2009-06-27,28.4842,1440,1.0,complete,0.20980114305697317,1,False
2009-06-28,17.656566666666667,1440,1.0,complete,0.18535620001720798,1,False
2009-06-29,16.835566666666665,1440,1.0,complete,0.1720878821635473,1,False
2009-06-30,19.8741,1440,1.0,complete,0.20370016586218437,1,False
2009-07-01,20.3057,1440,1.0,complete,0.21216790427114718,1,False
2009-07-02,20.709633333333333,1440,1.0,complete,0.21245888998076745,1,False
2009-07-03,14.402466666666667,1440,1.0,complete,0.13690143318523396,1,False
2009-07-04,20.6428,1440,1.0,complete,0.21055724645784302,1,False
2009-07-05,23.512266666666665,1440,1.0,complete,0.2085898155308995,1,False
2009-07-06,15.904333333333334,1440,1.0,complete,0.16061099324999756,1,False
2009-07-07,18.502266666666667,1440,1.0,complete,0.1989277825729744,1,False
2009-07-08,20.57333333333333,1440,1.0,complete,0.20844015717395264,1,False
2009-07-09,14.1042,1440,1.0,complete,0.1356544192119562,1,False
2009-07-10,19.7853,1436,0.9972222222222222,partial,0.20130527297217593,1,False
2009-07-11,16.566133333333333,1440,1.0,complete,0.17135594371242013,1,False
2009-07-12,8.557966666666667,1440,1.0,complete,0.11205122475044027,1,False
2009-07-13,8.2791,1440,1.0,complete,0.09025458789553686,1,False
2009-07-14,15.1905,1440,1.0,complete,0.1594488311811489,1,False
2009-07-15,11.9679,1440,1.0,complete,0.10424091262044122,1,False
2009-07-16,9.992566666666669,1440,1.0,complete,0.07529683101953244,1,False
2009-07-17,12.1968,1440,1.0,complete,0.11049216009408969,1,False
2009-07-18,16.106833333333334,1440,1.0,complete,0.16574846253996556,1,False
2009-07-19,20.06073333333333,1440,1.0,complete,0.2042216344970173,1,False
2009-07-20,11.041433333333334,1440,1.0,complete,0.07955963119153908,1,False
2009-07-21,13.5627,1440,1.0,complete,0.1388094773834514,1,False
2009-07-22,12.325533333333333,1440,1.0,complete,0.11672067988862789,1,False
2009-07-23,17.166666666666668,1440,1.0,complete,0.175679684652284,1,False
2009-07-24,9.3623,1440,1.0,complete,0.10477187028164803,1,False
2009-07-25,8.9448,1440,1.0,complete,0.11765614614085651,1,False
2009-07-26,9.050266666666667,1440,1.0,complete,0.11907807369737955,1,False
2009-07-27,11.4761,1440,1.0,complete,0.08819312062919882,1,False
2009-07-28,15.0475,1440,1.0,complete,0.15130662873435918,1,False
2009-07-29,15.033333333333331,1440,1.0,complete,0.15147604866722642,1,False
2009-07-30,13.205433333333334,1440,1.0,complete,0.1311403111201077,1,False
2009-07-31,16.263833333333334,1440,1.0,complete,0.16622497490207327,1,False
2009-08-01,11.782766666666667,1440,1.0,complete,0.10122255992010032,1,False
2009-08-02,8.162066666666666,1440,1.0,complete,0.07435480967965158,1,False
2009-08-03,8.3383,1440,1.0,complete,0.09729629948437846,1,False
2009-08-04,8.481533333333333,1440,1.0,complete,0.10745929299460033,1,False
2009-08-05,8.6442,1440,1.0,complete,0.11255135441132325,1,False
2009-08-06,8.877866666666666,1440,1.0,complete,0.11902820697300931,1,False
2009-08-07,8.988266666666666,1440,1.0,complete,0.1180683308126469,1,False
2009-08-08,8.774533333333332,1440,1.0,complete,0.11532532227835346,1,False
2009-08-09,16.637233333333334,1440,1.0,complete,0.17145370471487786,1,False
2009-08-10,17.822633333333332,1440,1.0,complete,0.18809494764542684,1,False
2009-08-11,15.849233333333332,1440,1.0,complete,0.16150756380667497,1,False
2009-08-12,13.7406,1440,1.0,complete,0.14128112280417782,1,False
2009-08-13,10.114033333333332,549,0.38125,partial,0.07716575421338623,1,False
2009-08-14,12.477933333333333,1440,1.0,complete,0.12140785323399184,1,False
2009-08-15,25.234366666666663,1440,1.0,complete,0.22558175499503863,1,False
2009-08-16,20.2952,1440,1.0,complete,0.21093425438658564,1,False
2009-08-17,13.098466666666669,1440,1.0,complete,0.12934981014209435,1,False
2009-08-18,18.009966666666667,1440,1.0,complete,0.18987454114509633,1,False
2009-08-19,14.679033333333331,1440,1.0,complete,0.13726615203445824,1,False
2009-08-20,12.9287,1440,1.0,complete,0.12473796423724004,1,False
2009-08-21,19.36243333333333,1440,1.0,complete,0.2053318455046187,1,False
2009-08-22,25.8123,1440,1.0,complete,0.22220663990760897,1,False
2009-08-23,17.778466666666667,1440,1.0,complete,0.18855535139028817,1,False
2009-08-24,20.8709,1440,1.0,complete,0.21500096238448235,1,False
2009-08-25,15.726833333333332,1440,1.0,complete,0.16375679242351504,1,False
2009-08-26,18.942433333333334,1440,1.0,complete,0.20542172230971206,1,False
2009-08-27,12.4911,1440,1.0,complete,0.1213396830183523,1,False
2009-08-28,18.647366666666667,1440,1.0,complete,0.20350550347683616,1,False
2009-08-29,23.14023333333333,1440,1.0,complete,0.20966890742834332,1,False
2009-08-30,27.8057,1440,1.0,complete,0.22704867877524493,1,False
2009-08-31,21.092033333333333,1440,1.0,complete,0.21478996955799895,1,False
2009-09-01,16.342266666666667,1440,1.0,complete,0.16727771773805822,1,False
2009-09-02,20.380233333333333,1440,1.0,complete,0.2152763728093488,1,False
2009-09-03,20.85313333333333,1440,1.0,complete,0.21439781442451794,1,False
2009-09-04,17.073133333333335,1440,1.0,complete,0.17629005196619252,1,False
2009-09-05,25.2311,1440,1.0,complete,0.22533537841111673,1,False
2009-09-06,20.477166666666665,1440,1.0,complete,0.2135852384687641,1,False
2009-09-07,20.35763333333333,1440,1.0,complete,0.21445356680843047,1,False
2009-09-08,18.104233333333333,1440,1.0,complete,0.19084802660263955,1,False
2009-09-09,25.355733333333333,1440,1.0,complete,0.225623636620717,1,False
2009-09-10,18.53923333333333,1440,1.0,complete,0.20178498232960285,1,False
2009-09-11,20.235766666666667,1440,1.0,complete,0.21487524318531487,1,False
2009-09-12,34.405966666666664,1440,1.0,complete,0.18412595255380348,1,False
2009-09-13,26.1717,1439,0.9993055555555556,partial,0.22549880053356602,1,False
2009-09-14,26.247633333333333,1440,1.0,complete,0.22634680330723855,1,False
2009-09-15,24.2801,1440,1.0,complete,0.21143157998758372,1,False
2009-09-16,29.0527,1440,1.0,complete,0.20987030669452156,1,False
2009-09-17,20.39043333333333,1440,1.0,complete,0.21512853974072588,1,False
2009-09-18,22.90053333333333,1440,1.0,complete,0.20910802151849273,1,False
2009-09-19,35.595166666666664,1440,1.0,complete,0.17006577398672118,1,False
2009-09-20,33.922133333333335,1440,1.0,complete,0.18790488785223114,1,False
2009-09-21,23.63113333333333,1440,1.0,complete,0.20929491280786966,1,False
2009-09-22,20.7756,1440,1.0,complete,0.21273571057310564,1,False
2009-09-23,27.27683333333333,1440,1.0,complete,0.22932440258075432,1,False
2009-09-24,23.770966666666663,1440,1.0,complete,0.20613787592123706,1,False
2009-09-25,19.350266666666663,1440,1.0,complete,0.20571656804467736,1,False
2009-09-26,25.937566666666665,1440,1.0,complete,0.22081989475049535,1,False
2009-09-27,23.507866666666665,1440,1.0,complete,0.2094243016194695,1,False
2009-09-28,21.6576,1440,1.0,complete,0.22022664522723334,1,False
2009-09-29,19.10663333333333,1440,1.0,complete,0.20702743575853644,1,False
2009-09-30,29.5456,1438,0.9986111111111112,partial,0.21254483088244852,1,False
2009-10-01,21.4542,1440,1.0,complete,0.21933511808761624,1,False
2009-10-02,19.211133333333333,1440,1.0,complete,0.20737186977279243,1,False
2009-10-03,28.61233333333333,1440,1.0,complete,0.21345718040339295,1,False
2009-10-04,27.01843333333333,1440,1.0,complete,0.22754259570360003,1,False
2009-10-05,21.2587,1440,1.0,complete,0.21669370330199011,1,False
2009-10-06,23.807466666666667,1440,1.0,complete,0.20580320016366627,1,False
2009-10-07,30.3639,1440,1.0,complete,0.20126627893024046,1,False
2009-10-08,26.2861,1440,1.0,complete,0.22515601073514324,1,False
2009-10-09,22.531033333333333,1440,1.0,complete,0.20991104953118456,1,False
2009-10-10,33.54593333333333,1440,1.0,complete,0.1817234314417296,1,False
2009-10-11,32.30473333333333,1439,0.9993055555555556,partial,0.1934848494074754,1,False
2009-10-12,22.526733333333333,1440,1.0,complete,0.20991104953118456,1,False
2009-10-13,24.151666666666667,1440,1.0,complete,0.20543448554742505,1,False
2009-10-14,28.5204,1440,1.0,complete,0.20919366715194504,1,False
2009-10-15,24.832933333333333,1440,1.0,complete,0.22058822432213032,1,False
2009-10-16,25.281,1440,1.0,complete,0.22557085956034817,1,False
2009-10-17,45.70133333333333,1440,1.0,complete,0.071151903956573,1,False
2009-10-18,25.936066666666665,1440,1.0,complete,0.22204048367326057,1,False
2009-10-19,22.818466666666662,1440,1.0,complete,0.2094305913394206,1,False
2009-10-20,28.713466666666665,1440,1.0,complete,0.21166802748737623,1,False
2009-10-21,32.8251,1440,1.0,complete,0.1892193985576232,1,False
2009-10-22,23.3285,1440,1.0,complete,0.21174267609680308,1,False
2009-10-23,29.29083333333333,1440,1.0,complete,0.2101715914221392,1,False
2009-10-24,43.57346666666667,1440,1.0,complete,0.07951124665964782,1,False
2009-10-25,40.10893333333333,1440,1.0,complete,0.1056478025033547,1,False
2009-10-26,18.539066666666667,1440,1.0,complete,0.20178498232960285,1,False
2009-10-27,18.6126,1440,1.0,complete,0.2015779956341724,1,False
2009-10-28,21.14513333333333,1440,1.0,complete,0.2140200414595238,1,False
2009-10-29,33.024,1440,1.0,complete,0.1871624759883705,1,False
2009-10-30,24.8893,1440,1.0,complete,0.2188932239256574,1,False
2009-10-31,31.2657,1440,1.0,complete,0.19720810992185145,1,False
2009-11-01,30.719466666666666,1440,1.0,complete,0.19912624986043903,1,False
2009-11-02,25.07043333333333,1440,1.0,complete,0.22017773929181872,1,False
2009-11-03,37.77813333333334,1440,1.0,complete,0.140716572645454,1,False
2009-11-04,30.03,1440,1.0,complete,0.21059778872039603,1,False
2009-11-05,26.007766666666665,1440,1.0,complete,0.223019989338,1,False
2009-11-06,23.174166666666668,1440,1.0,complete,0.2104934262769424,1,False
2009-11-07,25.95293333333333,1440,1.0,complete,0.21975036467907588,1,False
2009-11-08,41.80003333333333,1440,1.0,complete,0.09223699677064734,1,False
2009-11-09,23.41253333333333,1439,0.9993055555555556,partial,0.21111285709458416,1,False
2009-11-10,26.76973333333333,1440,1.0,complete,0.23032654066300035,1,False
2009-11-11,34.008,1440,1.0,complete,0.18665334899584174,1,False
2009-11-12,24.38443333333333,1440,1.0,complete,0.21418543255303396,1,False
2009-11-13,25.548766666666666,1440,1.0,complete,0.21982837264965732,1,False
2009-11-14,42.67426666666667,1440,1.0,complete,0.08460640507606998,1,False
2009-11-15,32.788466666666665,1440,1.0,complete,0.18863358686177822,1,False
2009-11-16,25.24113333333333,1440,1.0,complete,0.22567916571822172,1,False
2009-11-17,28.471566666666668,1440,1.0,complete,0.21075903208825264,1,False
2009-11-18,43.98623333333333,1440,1.0,complete,0.07553618045798927,1,False
2009-11-19,24.5808,1440,1.0,complete,0.21756133039527542,1,False
2009-11-20,32.6836,1440,1.0,complete,0.19089277728949572,1,False
2009-11-21,41.614266666666666,1440,1.0,complete,0.09324136858650622,1,False
2009-11-22,40.8496,1440,1.0,complete,0.10530048690117377,1,False
2009-11-23,24.5187,1440,1.0,complete,0.21804872812670317,1,False
2009-11-24,35.48093333333333,1440,1.0,complete,0.1684722410632839,1,False
2009-11-25,33.00216666666667,1440,1.0,complete,0.18763010114562317,1,False
2009-11-26,26.660433333333334,1440,1.0,complete,0.22812113243838072,1,False
2009-11-27,23.000433333333334,1440,1.0,complete,0.21016421267874213,1,False
2009-11-28,30.9825,1440,1.0,complete,0.20260640597024027,1,False
2009-11-29,27.516033333333333,1440,1.0,complete,0.2283271567138283,1,False
2009-11-30,29.0865,1440,1.0,complete,0.2088833393490726,1,False
2009-12-01,29.272966666666665,1440,1.0,complete,0.21093827373345658,1,False
2009-12-02,39.09446666666667,1440,1.0,complete,0.12092254629654131,1,False
2009-12-03,24.661466666666666,1440,1.0,complete,0.22002964477221354,1,False
2009-12-04,28.521566666666665,1440,1.0,complete,0.20919366715194504,1,False
2009-12-05,39.19603333333333,1440,1.0,complete,0.12243862333409028,1,False
2009-12-06,39.638133333333336,1440,1.0,complete,0.11587963720783112,1,False
2009-12-07,29.043966666666662,1440,1.0,complete,0.21063600950736577,1,False
2009-12-08,33.44806666666667,1440,1.0,complete,0.18143061266128052,1,False
2009-12-09,30.039266666666663,1440,1.0,complete,0.21067308729439294,1,False
2009-12-10,34.2381,1438,0.9986111111111112,partial,0.18670362308372068,1,False
2009-12-11,29.74103333333333,1440,1.0,complete,0.21454965404704185,1,False
2009-12-12,30.273,1440,1.0,complete,0.2025303210194201,1,False
2009-12-13,35.6469,1440,1.0,complete,0.16922124936261757,1,False
2009-12-14,29.914366666666663,1440,1.0,complete,0.2153277653092006,1,False
2009-12-15,32.33526666666667,1440,1.0,complete,0.1941682066938059,1,False
2009-12-16,23.2479,1440,1.0,complete,0.21007536553982398,1,False
2009-12-17,28.6197,1440,1.0,complete,0.21336621756281482,1,False
2009-12-18,29.078433333333333,1440,1.0,complete,0.2083545987668819,1,False
2009-12-19,36.7389,1440,1.0,complete,0.16507544428033538,1,False
2009-12-20,19.069433333333333,1440,1.0,complete,0.2076269080419504,1,False
2009-12-21,33.9161,1440,1.0,complete,0.18790488785223114,1,False
2009-12-22,31.467033333333333,1440,1.0,complete,0.19474960956920395,1,False
2009-12-23,24.25333333333333,1440,1.0,complete,0.2102603587564904,1,False
2009-12-24,48.43156666666667,1440,1.0,complete,0.029093426519507193,1,False
2009-12-25,35.4608,1440,1.0,complete,0.16895334023470254,1,False
2009-12-26,36.39363333333333,1440,1.0,complete,0.16500856923774765,1,False
2009-12-27,36.59086666666666,1440,1.0,complete,0.16827763587567207,1,False
2009-12-28,34.901633333333336,1440,1.0,complete,0.18056363687004473,1,False
2009-12-29,34.1328,1440,1.0,complete,0.1898032415598172,1,False
2009-12-30,40.85183333333333,1440,1.0,complete,0.10530048690117377,1,False
2009-12-31,36.86486666666666,1440,1.0,complete,0.1595632523373074,1,False
2010-01-01,20.4042,1440,1.0,complete,0.21375673306482057,1,False
2010-01-02,21.81393333333333,1439,0.9993055555555556,partial,0.2175022951746462,1,False
2010-01-03,34.72423333333333,1440,1.0,complete,0.17954850968239433,1,False
2010-01-04,26.735533333333333,1440,1.0,complete,0.22750204572980293,1,False
2010-01-05,36.99633333333333,1440,1.0,complete,0.1567352229914143,1,False
2010-01-06,29.619666666666667,1440,1.0,complete,0.2112613345715032,1,False
2010-01-07,29.4907,1440,1.0,complete,0.2111105735609009,1,False
2010-01-08,29.953466666666667,1440,1.0,complete,0.2131948261980955,1,False
2010-01-09,38.94833333333333,1440,1.0,complete,0.12303484946947407,1,False
2010-01-10,41.807766666666666,1440,1.0,complete,0.09204753328175685,1,False
2010-01-11,25.3114,1440,1.0,complete,0.2235775580769201,1,False
2010-01-12,21.375633333333333,893,0.6201388888888889,partial,0.21667460997089438,1,False
2010-01-14,10.308133333333334,298,0.2069444444444444,partial,0.07470218336584455,1,False
2010-01-15,36.61266666666667,1440,1.0,complete,0.16809818531804543,1,False
2010-01-16,35.8352,1440,1.0,complete,0.16586759185475308,1,False
2010-01-17,31.77593333333333,1440,1.0,complete,0.18759903893366903,1,False
2010-01-18,31.35163333333333,1440,1.0,complete,0.1980156629966498,1,False
2010-01-19,40.55846666666667,1440,1.0,complete,0.10878075754960204,1,False
2010-01-20,39.19546666666667,1440,1.0,complete,0.12243862333409028,1,False
2010-01-21,35.63093333333333,1440,1.0,complete,0.16973069084264408,1,False
2010-01-22,29.843766666666667,1440,1.0,complete,0.2147112210817167,1,False
2010-01-23,43.47516666666667,1439,0.9993055555555556,partial,0.08247266950331511,1,False
2010-01-24,37.82366666666667,1440,1.0,complete,0.14127125040693966,1,False
2010-01-25,32.17516666666667,1440,1.0,complete,0.19171030462668587,1,False
2010-01-26,34.4594,1440,1.0,complete,0.18128727155483249,1,False
2010-01-27,46.015033333333335,1440,1.0,complete,0.07045510528409116,1,False
2010-01-28,35.170566666666666,1440,1.0,complete,0.17044866572260098,1,False
2010-01-29,34.88316666666667,1440,1.0,complete,0.18117777278955982,1,False
2010-01-30,47.3788,1440,1.0,complete,0.044911295617520275,1,False
2010-01-31,29.9866,1440,1.0,complete,0.2120444676499676,1,False
2010-02-01,28.22963333333333,1440,1.0,complete,0.21943704349034276,1,False
2010-02-02,35.9572,1440,1.0,complete,0.16204431942844355,1,False
2010-02-03,48.38356666666667,1440,1.0,complete,0.029514868895067825,1,False
2010-02-04,38.6045,1440,1.0,complete,0.12639233541563044,1,False
2010-02-05,34.98153333333333,1440,1.0,complete,0.18138980831515994,1,False
2010-02-06,45.216433333333335,1440,1.0,complete,0.07539784192859755,1,False
2010-02-07,27.095133333333333,1440,1.0,complete,0.22693510906844966,1,False
2010-02-08,43.0373,1440,1.0,complete,0.08525457882499476,1,False
2010-02-09,40.348866666666666,1440,1.0,complete,0.10623158057723148,1,False
2010-02-10,32.40903333333333,1439,0.9993055555555556,partial,0.19542234786130497,1,False
2010-02-11,22.829466666666665,1440,1.0,complete,0.21051734266931188,1,False
2010-02-12,31.549966666666663,1440,1.0,complete,0.1932625933948583,1,False
2010-02-13,39.1926,1440,1.0,complete,0.12279693098736144,1,False
2010-02-14,28.111633333333334,1439,0.9993055555555556,partial,0.22285023758840095,1,False
2010-02-15,34.9522,1440,1.0,complete,0.18085019460165713,1,False
2010-02-16,29.9626,1440,1.0,complete,0.21261810610899312,1,False
2010-02-17,34.242666666666665,1440,1.0,complete,0.18654612241422408,1,False
2010-02-18,29.3526,1440,1.0,complete,0.20986697475939242,1,False
2010-02-19,32.559533333333334,1440,1.0,complete,0.19422490690632416,1,False
2010-02-20,33.062133333333335,1440,1.0,complete,0.18828343088844623,1,False
2010-02-21,45.6719,1440,1.0,complete,0.0716429595136231,1,False
2010-02-22,24.567266666666665,1440,1.0,complete,0.217137447116936,1,False
2010-02-23,24.354666666666667,1440,1.0,complete,0.21438888469125,1,False
2010-02-24,31.904633333333333,1440,1.0,complete,0.18838167618746887,1,False
2010-02-25,31.33673333333333,1440,1.0,complete,0.1986448691979853,1,False
2010-02-26,35.33593333333334,1440,1.0,complete,0.16825455643225035,1,False
2010-02-27,29.4176,1440,1.0,complete,0.2084839425733137,1,False
2010-02-28,11.8611,1440,1.0,complete,0.10351673872801792,1,False
2010-03-01,21.645466666666668,1440,1.0,complete,0.2200831418813523,1,False
2010-03-02,12.781766666666666,1440,1.0,complete,0.12315364073666268,1,False
2010-03-03,15.597233333333334,1440,1.0,complete,0.16101841374965165,1,False
2010-03-04,11.381333333333334,1440,1.0,complete,0.08697426926171392,1,False
2010-03-05,18.895433333333333,1440,1.0,complete,0.2050475781768723,1,False
2010-03-06,13.2452,1440,1.0,complete,0.13096401058260976,1,False
2010-03-07,22.87453333333333,1440,1.0,complete,0.21012374044385435,1,False
2010-03-08,42.6183,1440,1.0,complete,0.08668332115886823,1,False
2010-03-09,29.3352,1440,1.0,complete,0.21034666233644655,1,False
2010-03-10,30.3772,1440,1.0,complete,0.20168541909022036,1,False
2010-03-11,32.518166666666666,1440,1.0,complete,0.19469392907208816,1,False
2010-03-12,27.42373333333333,1440,1.0,complete,0.22873165672870055,1,False
2010-03-13,39.71683333333333,1440,1.0,complete,0.11466777122303395,1,False
2010-03-14,26.1119,1440,1.0,complete,0.22505820642934737,1,False
2010-03-15,29.864166666666662,1440,1.0,complete,0.2145412339995721,1,False
2010-03-16,25.710833333333333,1440,1.0,complete,0.22204055362500053,1,False
2010-03-17,33.4855,1440,1.0,complete,0.18195303420695463,1,False
2010-03-18,26.0447,1440,1.0,complete,0.22348629582580276,1,False
2010-03-19,27.723066666666668,1440,1.0,complete,0.22668114511733484,1,False
2010-03-20,2.1955333333333336,232,0.1611111111111111,partial,-0.04714701513553898,-1,True
2010-03-21,15.288033333333331,621,0.43125,partial,0.1588789804068046,1,False
2010-03-22,26.9765,1440,1.0,complete,0.22780515870541895,1,False
2010-03-23,30.369366666666668,1440,1.0,complete,0.20165381018505024,1,False
2010-03-24,33.245866666666664,1440,1.0,complete,0.1847390904656715,1,False
2010-03-25,27.998066666666663,1440,1.0,complete,0.22375648111455587,1,False
2010-03-26,27.5214,1440,1.0,complete,0.2278200433456794,1,False
2010-03-27,30.7995,1440,1.0,complete,0.20096400938664127,1,False
2010-03-28,29.970233333333333,1440,1.0,complete,0.2128933747063827,1,False
2010-03-29,27.04563333333333,1440,1.0,complete,0.22820120024904422,1,False
2010-03-30,31.77423333333333,1440,1.0,complete,0.18759903893366903,1,False
2010-03-31,32.06336666666667,1440,1.0,complete,0.18709453078308563,1,False
2010-04-01,28.124,1440,1.0,complete,0.221404738208685,1,False
2010-04-02,27.47703333333333,1440,1.0,complete,0.22971017986339148,1,False
2010-04-03,30.087966666666667,1440,1.0,complete,0.20734028964184031,1,False
2010-04-04,28.17313333333333,1440,1.0,complete,0.22371270916002495,1,False
2010-04-05,18.647,1440,1.0,complete,0.20350550347683616,1,False
2010-04-06,30.430866666666667,1440,1.0,complete,0.20103454960400202,1,False
2010-04-07,26.616366666666668,1440,1.0,complete,0.2269135250800261,1,False
2010-04-08,27.487,1440,1.0,complete,0.22925851461835922,1,False
2010-04-09,20.55583333333333,1440,1.0,complete,0.20836126731973076,1,False
2010-04-10,19.8368,1440,1.0,complete,0.20326518482523498,1,False
2010-04-11,26.7135,1439,0.9993055555555556,partial,0.22878228140833978,1,False
2010-04-12,23.99043333333333,1440,1.0,complete,0.20440867529080958,1,False
2010-04-13,25.21173333333333,1440,1.0,complete,0.2251170452764516,1,False
2010-04-14,27.672733333333333,1440,1.0,complete,0.2276422539068204,1,False
2010-04-15,31.202966666666665,1440,1.0,complete,0.19976866409417066,1,False
2010-04-16,26.034366666666667,1440,1.0,complete,0.22359185662705977,1,False
2010-04-17,25.961866666666666,1440,1.0,complete,0.22068616200971297,1,False
2010-04-18,24.601766666666663,1440,1.0,complete,0.2181011607847142,1,False
2010-04-19,28.476566666666667,1440,1.0,complete,0.20974022603156778,1,False
2010-04-20,30.560466666666667,1440,1.0,complete,0.197907274888025,1,False
2010-04-21,26.3319,1440,1.0,complete,0.22791480822422433,1,False
2010-04-22,24.3484,1440,1.0,complete,0.21453696793779597,1,False
2010-04-23,19.6756,1440,1.0,complete,0.20024856604223706,1,False
2010-04-24,25.306966666666668,1440,1.0,complete,0.22381590971586313,1,False
2010-04-25,25.712366666666668,1440,1.0,complete,0.22204055362500053,1,False
2010-04-26,18.045266666666667,1440,1.0,complete,0.19029897334535983,1,False
2010-04-27,20.849,1440,1.0,complete,0.21439781442451794,1,False
2010-04-28,14.4643,1440,1.0,complete,0.13716538139592238,1,False
2010-04-29,18.3954,1440,1.0,complete,0.19507562984578913,1,False
2010-04-30,18.6438,1440,1.0,complete,0.20335368773004137,1,False
2010-05-01,22.00263333333333,1440,1.0,complete,0.21194530743930262,1,False
2010-05-02,36.46516666666667,1440,1.0,complete,0.1676046847316494,1,False
2010-05-03,23.5217,1440,1.0,complete,0.20832908131623,1,False
2010-05-04,25.282666666666668,1440,1.0,complete,0.22557085956034817,1,False
2010-05-05,30.088466666666665,1440,1.0,complete,0.20734028964184031,1,False
2010-05-06,21.654166666666665,1440,1.0,complete,0.22025695111886268,1,False
2010-05-07,27.400066666666667,1440,1.0,complete,0.22900172058669654,1,False
2010-05-08,25.557033333333333,1440,1.0,complete,0.21982837264965732,1,False
2010-05-09,26.1085,1440,1.0,complete,0.2247218221189906,1,False
2010-05-10,24.464866666666666,1440,1.0,complete,0.2177797243816913,1,False
2010-05-11,26.189466666666668,1440,1.0,complete,0.2261743828086673,1,False
2010-05-12,33.923633333333335,1440,1.0,complete,0.18790488785223114,1,False
2010-05-13,25.87493333333333,1439,0.9993055555555556,partial,0.2224614095287551,1,False
2010-05-14,28.70243333333333,1440,1.0,complete,0.21147021895998347,1,False
2010-05-15,32.412866666666666,1440,1.0,complete,0.19600035624584156,1,False
2010-05-16,35.0071,1440,1.0,complete,0.18153534279023703,1,False
2010-05-17,27.136366666666667,1440,1.0,complete,0.22618315709328957,1,False
2010-05-18,23.6864,1440,1.0,complete,0.20772396249989883,1,False
2010-05-19,23.7792,1440,1.0,complete,0.20588027027364153,1,False
2010-05-20,19.23163333333333,1440,1.0,complete,0.2082226115048078,1,False
2010-05-21,21.573266666666665,1440,1.0,complete,0.2207213158447327,1,False
2010-05-22,34.92953333333333,1440,1.0,complete,0.17962128959320772,1,False
2010-05-23,24.7926,1440,1.0,complete,0.22104073889839926,1,False
2010-05-24,22.355533333333334,1440,1.0,complete,0.20957074618431243,1,False
2010-05-25,19.9771,1440,1.0,complete,0.2060102761939775,1,False
2010-05-26,23.1314,1440,1.0,complete,0.20902065641451373,1,False
2010-05-27,22.0557,1440,1.0,complete,0.20753324711987592,1,False
2010-05-28,23.30273333333333,1440,1.0,complete,0.2107652876282285,1,False
2010-05-29,34.163466666666665,1440,1.0,complete,0.18790047821047856,1,False
2010-05-30,27.761666666666667,1440,1.0,complete,0.22645075820087562,1,False
2010-05-31,22.34103333333333,1440,1.0,complete,0.20925615911633938,1,False
2010-06-01,21.1494,1440,1.0,complete,0.21460308627430968,1,False
2010-06-02,16.348300000000002,1440,1.0,complete,0.166045403666565,1,False
2010-06-03,23.23643333333333,1440,1.0,complete,0.21101371769223798,1,False
2010-06-04,23.6759,1440,1.0,complete,0.20836164398216867,1,False
2010-06-05,33.49406666666667,1440,1.0,complete,0.1827663304630316,1,False
2010-06-06,29.1132,1440,1.0,complete,0.20959016861403645,1,False
2010-06-07,16.868033333333333,1440,1.0,complete,0.17237894642867413,1,False
2010-06-08,22.700566666666667,1440,1.0,complete,0.21093185283453214,1,False
2010-06-09,25.57803333333333,1440,1.0,complete,0.21939968969375662,1,False
2010-06-10,20.253166666666665,1440,1.0,complete,0.21404765946082127,1,False
2010-06-11,24.5112,1440,1.0,complete,0.21802694025405334,1,False
2010-06-12,32.885133333333336,1439,0.9993055555555556,partial,0.18884950546505386,1,False
2010-06-13,27.905933333333333,1440,1.0,complete,0.22994466280001624,1,False
2010-06-14,20.29973333333333,1440,1.0,complete,0.21119454445084956,1,False
2010-06-15,20.39943333333333,1440,1.0,complete,0.21445427662303057,1,False
2010-06-16,29.4682,1440,1.0,complete,0.2096404415837269,1,False
2010-06-17,17.133633333333332,1440,1.0,complete,0.17493558048172808,1,False
2010-06-18,22.205266666666667,1440,1.0,complete,0.20919946573903525,1,False
2010-06-19,23.603666666666665,1440,1.0,complete,0.20882782686727136,1,False
2010-06-20,27.875833333333333,1440,1.0,complete,0.22837854290651166,1,False
2010-06-21,27.6815,1440,1.0,complete,0.2283803182462883,1,False
2010-06-22,25.34313333333333,1440,1.0,complete,0.22533492365005126,1,False
2010-06-23,24.0344,1440,1.0,complete,0.2040796469625274,1,False
2010-06-24,18.263,1440,1.0,complete,0.19621502062639956,1,False
2010-06-25,18.323966666666667,1440,1.0,complete,0.195970138382346,1,False
2010-06-26,16.360333333333333,1440,1.0,complete,0.16588091328057275,1,False
2010-06-27,18.9994,1440,1.0,complete,0.20580987855146043,1,False
2010-06-28,24.52233333333333,1440,1.0,complete,0.2179018330855696,1,False
2010-06-29,22.788266666666665,1439,0.9993055555555556,partial,0.2092499341046274,1,False
2010-06-30,23.068933333333334,1440,1.0,complete,0.20988340340486356,1,False
2010-07-01,22.483366666666665,1440,1.0,complete,0.20770884754471397,1,False
2010-07-02,19.015466666666665,1440,1.0,complete,0.20614320502588213,1,False
2010-07-03,18.6679,1440,1.0,complete,0.2037148905194287,1,False
2010-07-04,25.6348,1440,1.0,complete,0.21931357558533743,1,False
2010-07-05,18.5665,1440,1.0,complete,0.20195277590786254,1,False
2010-07-06,16.76556666666667,1440,1.0,complete,0.17302984350944822,1,False
2010-07-07,13.913133333333333,1440,1.0,complete,0.1348324357982139,1,False
2010-07-08,20.210866666666668,1440,1.0,complete,0.212330919693759,1,False
2010-07-09,18.057966666666665,1440,1.0,complete,0.19101707454538197,1,False
2010-07-10,19.24173333333333,1440,1.0,complete,0.20827603787848986,1,False
2010-07-11,19.892866666666663,1440,1.0,complete,0.20419579693640894,1,False
2010-07-12,18.4929,1440,1.0,complete,0.19794952334982424,1,False
2010-07-13,23.03523333333333,1440,1.0,complete,0.20967911607607037,1,False
2010-07-14,23.4912,1440,1.0,complete,0.20943296530145766,1,False
2010-07-15,27.219366666666662,1439,0.9993055555555556,partial,0.22757251168602066,1,False
2010-07-16,13.6676,1440,1.0,complete,0.1397245978914976,1,False
2010-07-17,13.4392,1440,1.0,complete,0.13488530997819226,1,False
2010-07-18,13.533966666666666,1440,1.0,complete,0.1384010186861836,1,False
2010-07-19,13.352633333333332,1440,1.0,complete,0.13101605796354132,1,False
2010-07-20,14.263733333333333,1440,1.0,complete,0.13579026803778005,1,False
2010-07-21,17.7361,1440,1.0,complete,0.18719868700416087,1,False
2010-07-22,19.407433333333334,1440,1.0,complete,0.20473211350601145,1,False
2010-07-23,19.602633333333333,1440,1.0,complete,0.19888959371973441,1,False
2010-07-24,15.361133333333331,1440,1.0,complete,0.15856434710760864,1,False
2010-07-25,18.840166666666665,1440,1.0,complete,0.20091810247571107,1,False
2010-07-26,14.735833333333334,1440,1.0,complete,0.14067283318610269,1,False
2010-07-27,15.872666666666667,1440,1.0,complete,0.1613759751322265,1,False
2010-07-28,14.377566666666668,1440,1.0,complete,0.13495740986772875,1,False
2010-07-29,9.151733333333333,1440,1.0,complete,0.1144140875241757,1,False
2010-07-30,9.187666666666669,1440,1.0,complete,0.11173246374194168,1,False
2010-07-31,9.2436,1440,1.0,complete,0.11068681915268563,1,False
2010-08-01,9.261066666666666,1440,1.0,complete,0.10901389628185809,1,False
2010-08-02,9.158033333333334,1440,1.0,complete,0.11459598584050346,1,False
2010-08-03,10.253533333333332,1440,1.0,complete,0.07494782976774994,1,False
2010-08-04,9.055933333333334,1440,1.0,complete,0.11738899555872984,1,False
2010-08-05,8.891266666666667,1440,1.0,complete,0.11832480816477076,1,False
2010-08-06,8.745766666666666,1440,1.0,complete,0.11546925703140076,1,False
2010-08-07,8.791266666666667,1440,1.0,complete,0.11914034153713737,1,False
2010-08-08,8.807666666666666,1440,1.0,complete,0.11911876861142623,1,False
2010-08-09,8.917733333333333,1440,1.0,complete,0.11856312646553313,1,False
2010-08-10,9.0793,1440,1.0,complete,0.11604580882785431,1,False
2010-08-11,9.033366666666666,1440,1.0,complete,0.12015908397668495,1,False
2010-08-12,8.8283,1440,1.0,complete,0.11970059748543771,1,False
2010-08-13,8.9049,1440,1.0,complete,0.11874969592347973,1,False
2010-08-14,9.237833333333333,1440,1.0,complete,0.11028229593870364,1,False
2010-08-15,17.599766666666667,1440,1.0,complete,0.18282247138983027,1,False
2010-08-16,18.82883333333333,1440,1.0,complete,0.20136784407364128,1,False
2010-08-17,16.303366666666665,1262,0.8763888888888889,partial,0.16761065673503428,1,False
2010-08-22,1.5556333333333334,152,0.1055555555555555,partial,-0.06000421915274934,-1,True
2010-08-23,12.760966666666668,1440,1.0,complete,0.1229375065048679,1,False
2010-08-24,12.049133333333334,1440,1.0,complete,0.10420546485174087,1,False
2010-08-25,16.340133333333334,1440,1.0,complete,0.16727771773805822,1,False
2010-08-26,12.620866666666666,1440,1.0,complete,0.11968788710712841,1,False
2010-08-27,33.844166666666666,1440,1.0,complete,0.18638998674539414,1,False
2010-08-28,24.0476,1440,1.0,complete,0.2040796469625274,1,False
2010-08-29,27.808,1440,1.0,complete,0.22704867877524493,1,False
2010-08-30,24.913366666666665,1440,1.0,complete,0.2182395200487594,1,False
2010-08-31,22.75176666666667,1440,1.0,complete,0.20919852869484173,1,False
2010-09-01,26.5553,1440,1.0,complete,0.22609118505046544,1,False
2010-09-02,23.2082,1440,1.0,complete,0.21006537311632006,1,False
2010-09-03,22.44023333333333,1440,1.0,complete,0.2086767242334981,1,False
2010-09-04,29.064,1440,1.0,complete,0.20885497329908315,1,False
2010-09-05,22.0503,1440,1.0,complete,0.20741714990732107,1,False
2010-09-06,23.7146,1440,1.0,complete,0.20788020892515718,1,False
2010-09-07,24.197566666666667,1440,1.0,complete,0.2068044534473169,1,False
2010-09-08,21.7302,1440,1.0,complete,0.22013743539594027,1,False
2010-09-09,20.645233333333334,1440,1.0,complete,0.21130363759599669,1,False
2010-09-10,22.13513333333333,1440,1.0,complete,0.2075193077552096,1,False
2010-09-11,24.3885,1440,1.0,complete,0.21406797048648063,1,False
2010-09-12,26.8682,1440,1.0,complete,0.22891414176965674,1,False
2010-09-13,17.938666666666666,1440,1.0,complete,0.1883515248172462,1,False
2010-09-14,23.84463333333333,1440,1.0,complete,0.2053553963748765,1,False
2010-09-15,16.4349,1440,1.0,complete,0.17089027795013656,1,False
2010-09-16,22.328966666666663,1440,1.0,complete,0.20954405183262031,1,False
2010-09-17,24.96013333333333,1440,1.0,complete,0.2175464373989181,1,False
2010-09-18,20.7991,1440,1.0,complete,0.21491359787283454,1,False
2010-09-19,15.326666666666666,1440,1.0,complete,0.1581367924621357,1,False
2010-09-20,28.0472,1440,1.0,complete,0.22119703621073344,1,False
2010-09-21,18.52293333333333,1440,1.0,complete,0.2005287289828656,1,False
2010-09-22,25.17323333333333,1440,1.0,complete,0.22621810681858567,1,False
2010-09-23,24.164366666666663,1440,1.0,complete,0.20601817324636884,1,False
2010-09-24,22.1332,1440,1.0,complete,0.2075193077552096,1,False
2010-09-25,1.7667666666666668,236,0.1638888888888889,partial,-0.05735887450870658,-1,True
2010-09-28,7.840433333333333,287,0.1993055555555555,partial,0.05210316228854395,1,False
2010-09-29,28.073766666666668,1440,1.0,complete,0.2205442784900492,1,False
2010-09-30,20.80463333333333,1440,1.0,complete,0.21441087217670202,1,False
2010-10-01,25.08033333333333,1440,1.0,complete,0.22146184398696067,1,False
2010-10-02,32.054233333333336,1440,1.0,complete,0.18662226581091018,1,False
2010-10-03,30.5114,1440,1.0,complete,0.1982931947796161,1,False
2010-10-04,29.59933333333333,1440,1.0,complete,0.21157294679473676,1,False
2010-10-05,30.9104,1440,1.0,complete,0.2023648568319797,1,False
2010-10-06,21.924266666666668,1440,1.0,complete,0.21482766249675406,1,False
2010-10-07,30.1659,1440,1.0,complete,0.20390515489448358,1,False
2010-10-08,25.174266666666668,1440,1.0,complete,0.22621810681858567,1,False
2010-10-09,26.863,1440,1.0,complete,0.22923818023231163,1,False
2010-10-10,33.31506666666667,1440,1.0,complete,0.18017939051218934,1,False
2010-10-11,27.043166666666668,1440,1.0,complete,0.22820120024904422,1,False
2010-10-12,26.3282,1440,1.0,complete,0.22853101235295786,1,False
2010-10-13,34.564766666666664,1440,1.0,complete,0.1809111647928432,1,False
2010-10-14,35.585366666666665,1440,1.0,complete,0.1698688050502496,1,False
2010-10-15,26.6054,1440,1.0,complete,0.22830742019974615,1,False
2010-10-16,16.6669,1440,1.0,complete,0.1704615379284965,1,False
2010-10-17,17.456366666666668,1440,1.0,complete,0.179476970994205,1,False
2010-10-18,45.2314,1440,1.0,complete,0.07546725189925141,1,False
2010-10-19,32.09963333333334,1440,1.0,complete,0.18978122127102964,1,False
2010-10-20,28.7994,1440,1.0,complete,0.21094378967768207,1,False
2010-10-21,22.58663333333333,1440,1.0,complete,0.21134129335063084,1,False
2010-10-22,27.814866666666667,1440,1.0,complete,0.22719855311790244,1,False
2010-10-23,38.2206,1440,1.0,complete,0.13600907843976162,1,False
2010-10-24,39.84246666666667,1439,0.9993055555555556,partial,0.11134587811687391,1,False
2010-10-25,19.3882,1440,1.0,complete,0.20501232036223743,1,False
2010-10-26,15.765066666666666,1440,1.0,complete,0.1612812039949223,1,False
2010-10-27,21.00463333333333,1440,1.0,complete,0.2137542454678395,1,False
2010-10-28,24.388766666666665,1440,1.0,complete,0.21466543126148147,1,False
2010-10-29,20.0737,1440,1.0,complete,0.20487690518629564,1,False
2010-10-30,35.87833333333333,1440,1.0,complete,0.16553328244263443,1,False
2010-10-31,24.607166666666668,1440,1.0,complete,0.21724924254595035,1,False
2010-11-01,23.053,1440,1.0,complete,0.2100157855805626,1,False
2010-11-02,19.851366666666667,1440,1.0,complete,0.20289119922202703,1,False
2010-11-03,21.554966666666665,1440,1.0,complete,0.22072486783077516,1,False
2010-11-04,42.585766666666665,1440,1.0,complete,0.08614881435313071,1,False
2010-11-05,28.9348,1440,1.0,complete,0.21222452778134576,1,False
2010-11-06,30.09013333333333,1440,1.0,complete,0.2068796866547083,1,False
2010-11-07,27.896933333333333,1440,1.0,complete,0.23001404698461075,1,False
2010-11-08,30.425666666666668,1440,1.0,complete,0.2014474641809596,1,False
2010-11-09,33.701633333333334,1440,1.0,complete,0.18796293817610815,1,False
2010-11-10,32.442233333333334,1440,1.0,complete,0.19583347527679618,1,False
2010-11-11,29.559866666666668,1440,1.0,complete,0.2118685880028115,1,False
2010-11-12,30.6137,1440,1.0,complete,0.19809139903030593,1,False
2010-11-13,33.719566666666665,1440,1.0,complete,0.1880755621781533,1,False
2010-11-14,33.9732,1440,1.0,complete,0.18746840674109816,1,False
2010-11-15,29.12303333333333,1440,1.0,complete,0.20937450286399173,1,False
2010-11-16,25.162466666666667,1440,1.0,complete,0.2248968240622654,1,False
2010-11-17,26.3672,1440,1.0,complete,0.22813735135219115,1,False
2010-11-18,27.535866666666667,1440,1.0,complete,0.22752582188521459,1,False
2010-11-19,26.17333333333333,1440,1.0,complete,0.2261530027224104,1,False
2010-11-20,36.61676666666666,1440,1.0,complete,0.16809818531804543,1,False
2010-11-21,15.015166666666667,1440,1.0,complete,0.15127148515871047,1,False
2010-11-22,34.0256,1440,1.0,complete,0.1884139365248526,1,False
2010-11-23,26.292266666666663,1440,1.0,complete,0.22512604857073082,1,False
2010-11-24,29.937466666666666,1440,1.0,complete,0.21306518275859332,1,False
2010-11-25,23.852733333333333,1440,1.0,complete,0.2053553963748765,1,False
2010-11-26,24.80173333333333,1263,0.8770833333333333,partial,0.22104073889839926,1,False
